Date,Price,Open,High,Low,Vol.,Change
2020-03-06,9180.6,9085.6,9199.7,9016.1,3.14,0.009899999999999999
2020-03-05,9090.8,8795.3,9185.0,8795.3,5.72,0.0344
2020-03-04,8788.6,8791.1,8877.7,8718.4,4.17,-0.0003
2020-03-03,8791.1,8938.5,8940.0,8700.0,5.32,-0.016399999999999998
2020-03-02,8938.1,8556.8,8990.8,8524.6,5.32,0.0435
2020-03-01,8565.2,8561.5,8775.0,8460.0,5.39,0.0009
2020-02-29,8557.3,8730.6,8820.9,8557.3,2.50,-0.0196
2020-02-28,8728.0,8826.1,8908.3,8455.2,7.09,-0.0111
2020-02-27,8825.8,8813.2,8975.0,8555.0,8.39,0.0014000000000000002
2020-02-26,8813.2,9324.8,9385.9,8652.7,14.59,-0.055099999999999996
2020-02-25,9327.5,9674.0,9686.6,9251.4,8.49,-0.0358
2020-02-24,9674.1,9983.8,10022.0,9484.3,6.59,-0.0311
2020-02-23,9985.0,9663.0,10001.0,9660.2,7.30,0.0334
2020-02-22,9662.4,9693.0,9714.0,9565.2,1.84,-0.0032
2020-02-21,9693.5,9609.2,9757.4,9567.9,11.10,0.0089
2020-02-20,9608.1,9586.2,9694.7,9362.4,6.50,0.0017000000000000001
2020-02-19,9592.2,10184.0,10309.0,9350.3,13.94,-0.057999999999999996
2020-02-18,10183.0,9708.0,10275.0,9625.9,8.25,0.0489
2020-02-17,9708.0,9929.7,9963.8,9501.5,9.30,-0.0223
2020-02-16,9929.7,9901.0,10037.0,9651.4,6.93,0.0029
2020-02-15,9901.0,10335.0,10370.0,9800.3,6.40,-0.042
2020-02-14,10335.0,10222.0,10371.0,10101.0,4.13,0.0111
2020-02-13,10222.0,10338.0,10489.0,10080.0,8.98,-0.0113
2020-02-12,10339.0,10249.0,10458.0,10238.0,8.71,0.009000000000000001
2020-02-11,10247.0,9851.2,10316.0,9720.0,8.45,0.0403
2020-02-10,9850.2,10151.5,10187.0,9737.8,8.52,-0.0296
2020-02-09,10151.0,9877.3,10161.0,9871.1,9.64,0.0277
2020-02-08,9877.2,9805.2,9920.7,9657.8,5.53,0.0073
2020-02-07,9805.2,9745.0,9859.6,9695.5,3.70,0.0062
2020-02-06,9744.9,9612.0,9860.0,9547.0,8.58,0.0138
2020-02-05,9612.0,9197.5,9731.2,9180.2,10.77,0.0451
2020-02-04,9197.4,9309.2,9359.8,9112.5,4.07,-0.012
2020-02-03,9309.3,9353.1,9625.3,9247.1,6.72,-0.004699999999999999
2020-02-02,9353.1,9408.0,9501.0,9175.4,6.44,-0.0060999999999999995
2020-02-01,9410.6,9371.3,9476.4,9318.1,2.53,0.0046
2020-01-31,9367.4,9512.7,9519.9,9221.9,4.87,-0.015300000000000001
2020-01-30,9512.7,9305.1,9550.0,9175.7,9.02,0.022400000000000003
2020-01-29,9304.2,9390.9,9442.0,9244.4,4.60,-0.0095
2020-01-28,9393.7,8912.1,9413.0,8912.1,9.12,0.0541
2020-01-27,8912.0,8622.0,9001.8,8585.2,6.28,0.0337
2020-01-26,8621.6,8351.1,8622.0,8303.6,3.52,0.0321
2020-01-25,8353.7,8447.1,8447.2,8280.0,2.10,-0.0111
2020-01-24,8447.1,8403.6,8521.8,8247.7,3.51,0.0052
2020-01-23,8403.5,8668.9,8669.3,8296.9,5.70,-0.0301
2020-01-22,8663.9,8734.2,8799.9,8580.6,2.35,-0.008
2020-01-21,8734.1,8638.2,8782.8,8512.2,3.25,0.0111
2020-01-20,8638.2,8698.6,8741.1,8519.6,4.11,-0.0064
2020-01-19,8694.0,8891.6,9169.5,8455.7,12.41,-0.0222
2020-01-18,8891.5,8873.1,8965.0,8794.2,3.46,0.0018
2020-01-17,8875.4,8719.5,8994.9,8674.2,9.69,0.0178
2020-01-16,8720.6,8810.9,8839.9,8579.8,5.31,-0.009899999999999999
2020-01-15,8807.7,8760.8,8873.0,8560.2,8.78,0.0037
2020-01-14,8775.6,8104.1,8829.0,8099.3,16.57,0.08410000000000001
2020-01-13,8094.5,8174.9,8198.3,8053.6,2.59,-0.0098
2020-01-12,8174.7,8013.6,8174.7,7951.7,3.21,0.020099999999999996
2020-01-11,8013.8,8184.3,8271.9,7994.6,4.25,-0.0199
2020-01-10,8176.3,7817.4,8177.8,7678.5,7.86,0.045899999999999996
2020-01-09,7817.5,8036.8,8036.8,7756.2,4.67,-0.0273
2020-01-08,8036.8,8158.2,8442.0,7882.8,11.76,-0.0139
2020-01-07,8150.0,7759.5,8200.1,7741.9,12.35,0.050499999999999996
2020-01-06,7757.9,7364.7,7784.9,7358.0,8.54,0.053399999999999996
2020-01-05,7364.6,7370.3,7509.9,7315.8,4.45,-0.0007000000000000001
2020-01-04,7369.8,7371.8,7422.0,7297.7,4.27,0.0003
2020-01-03,7367.5,6989.4,7437.6,6909.3,6.68,0.0541
2020-01-02,6989.4,7212.7,7225.2,6963.0,4.85,-0.031
2020-01-01,7212.7,7208.2,7268.8,7185.4,2.07,0.0006
2019-12-31,7208.3,7261.0,7333.0,7161.3,2.99,-0.0072
2019-12-30,7260.9,7413.0,7421.6,7217.7,4.09,-0.0212
2019-12-29,7417.9,7333.2,7551.6,7311.8,2.49,0.011399999999999999
2019-12-28,7334.4,7293.6,7389.9,7280.5,2.73,0.006500000000000001
2019-12-27,7287.0,7235.3,7300.0,7114.1,4.00,0.0075
2019-12-26,7232.4,7220.1,7464.3,7189.0,4.72,0.0017000000000000001
2019-12-25,7220.1,7270.0,7287.4,7144.8,3.36,-0.0078000000000000005
2019-12-24,7276.9,7346.2,7445.0,7182.9,4.25,-0.0096
2019-12-23,7347.4,7538.9,7715.0,7283.1,7.08,-0.0245
2019-12-22,7532.0,7166.3,7541.3,7159.6,3.62,0.051
2019-12-21,7166.4,7213.0,7215.1,7145.2,2.28,-0.006500000000000001
2019-12-20,7212.9,7181.8,7249.0,7116.8,5.70,0.0043
2019-12-19,7181.8,7326.9,7412.5,7089.1,5.43,-0.019299999999999998
2019-12-18,7323.4,6667.1,7480.2,6479.4,13.75,0.0984
2019-12-17,6667.1,6926.6,6972.0,6624.3,12.66,-0.0375
2019-12-16,6926.8,7152.7,7189.9,6900.0,13.42,-0.0316
2019-12-15,7152.7,7100.8,7218.6,7046.6,3.53,0.0073
2019-12-14,7100.8,7283.1,7290.5,7038.5,3.41,-0.025
2019-12-13,7283.2,7224.1,7331.9,7218.7,2.90,0.008199999999999999
2019-12-12,7224.0,7231.2,7325.6,7133.8,5.64,-0.0009
2019-12-11,7230.7,7254.7,7296.2,7170.1,3.12,-0.0033
2019-12-10,7254.6,7373.8,7433.0,7207.5,3.64,-0.0169
2019-12-09,7379.5,7563.8,7701.1,7309.1,6.56,-0.0245
2019-12-08,7564.6,7543.2,7620.0,7433.6,4.30,0.0028000000000000004
2019-12-07,7543.2,7584.7,7665.1,7520.1,1.72,-0.0059
2019-12-06,7588.3,7439.9,7648.6,7350.1,5.71,0.0199
2019-12-05,7440.0,7239.3,7522.8,7193.7,4.79,0.0279
2019-12-04,7238.2,7336.9,7887.7,7134.1,11.72,-0.013300000000000001
2019-12-03,7336.0,7350.2,7453.5,7288.0,2.30,-0.0019
2019-12-02,7350.3,7450.1,7467.3,7209.4,4.63,-0.0134
2019-12-01,7450.1,7599.9,7600.1,7288.7,6.33,-0.0197
2019-11-30,7599.9,7796.5,7849.6,7495.0,4.97,-0.0252
2019-11-29,7796.6,7460.7,7916.3,7450.0,7.28,0.045
2019-11-28,7460.8,7547.3,7683.0,7415.0,4.34,-0.011699999999999999
2019-11-27,7549.3,7198.3,7689.0,6880.0,13.90,0.048799999999999996
2019-11-26,7198.3,7162.8,7384.7,7061.2,5.20,0.0042
2019-11-25,7168.0,6965.2,7413.6,6619.4,18.52,0.0291
2019-11-24,6965.3,7352.7,7372.0,6922.0,8.58,-0.0527
2019-11-23,7352.6,7318.6,7385.0,7141.0,4.63,0.004
2019-11-22,7323.0,7672.5,7763.3,6820.1,19.37,-0.0454
2019-11-21,7671.1,8126.4,8155.9,7510.1,9.89,-0.055999999999999994
2019-11-20,8126.4,8164.9,8255.0,8081.0,2.06,-0.004699999999999999
2019-11-19,8164.9,8219.5,8241.9,8055.2,3.70,-0.0066
2019-11-18,8219.5,8536.7,8536.8,8119.0,6.36,-0.037200000000000004
2019-11-17,8537.3,8523.4,8662.9,8422.0,2.84,0.0016
2019-11-16,8523.5,8494.8,8553.1,8442.7,1.53,0.0033
2019-11-15,8495.8,8655.5,8798.1,8420.2,5.18,-0.018500000000000003
2019-11-14,8655.7,8800.9,8817.4,8601.4,3.30,-0.0165
2019-11-13,8801.1,8830.0,8849.3,8730.3,1.34,-0.0033
2019-11-12,8830.0,8737.7,8891.5,8602.1,3.50,0.0106
2019-11-11,8737.7,9069.7,9107.3,8633.4,4.24,-0.0365
2019-11-10,9068.4,8827.1,9156.9,8764.0,4.64,0.027200000000000002
2019-11-09,8828.0,8782.3,8891.4,8735.9,1.96,0.0052
2019-11-08,8782.4,9209.2,9252.4,8688.1,7.86,-0.0462
2019-11-07,9208.0,9355.0,9387.1,9086.5,3.75,-0.0155
2019-11-06,9353.0,9334.0,9475.0,9278.0,3.47,0.002
2019-11-05,9333.9,9440.0,9504.1,9200.0,3.41,-0.011399999999999999
2019-11-04,9441.2,9223.0,9621.8,9152.0,7.47,0.023700000000000002
2019-11-03,9222.4,9332.2,9400.6,9100.0,3.62,-0.0118
2019-11-02,9332.1,9288.4,9429.4,9251.8,3.66,0.0046
2019-11-01,9289.1,9185.6,9332.1,9087.4,4.09,0.0113
2019-10-31,9185.6,9184.4,9460.7,8984.8,5.67,0.0001
2019-10-30,9184.3,9445.5,9446.9,9035.0,5.05,-0.0277
2019-10-29,9445.5,9229.2,9558.3,9101.3,6.73,0.023799999999999998
2019-10-28,9225.7,9574.1,9948.0,9216.8,8.99,-0.0362
2019-10-27,9571.8,9270.9,9815.6,9121.6,11.11,0.0325
2019-10-26,9270.9,8679.3,10464.1,8662.9,32.06,0.0682
2019-10-25,8679.1,7453.0,8800.0,7426.0,17.10,0.16449999999999998
2019-10-24,7453.0,7493.6,7529.0,7372.0,5.80,-0.0054
2019-10-23,7493.7,8053.7,8074.5,7341.5,12.98,-0.0701
2019-10-22,8058.9,8242.2,8332.2,8037.1,3.85,-0.022400000000000003
2019-10-21,8243.9,8260.7,8371.3,8181.8,3.41,-0.002
2019-10-20,8260.6,7993.0,8335.6,7922.0,4.87,0.0335
2019-10-19,7992.9,7987.3,8117.0,7927.0,3.51,0.0007000000000000001
2019-10-18,7987.2,8092.4,8135.1,7860.0,5.30,-0.013000000000000001
2019-10-17,8092.3,8016.1,8144.9,7949.3,2.81,0.0095
2019-10-16,8016.0,8191.0,8203.2,7960.0,7.08,-0.021400000000000002
2019-10-15,8191.1,8370.0,8433.7,8123.6,3.28,-0.021400000000000002
2019-10-14,8370.0,8304.9,8423.5,8230.1,2.54,0.0077
2019-10-13,8305.7,8319.6,8477.4,8179.3,4.04,-0.0015
2019-10-12,8318.3,8278.2,8421.0,8272.5,1.71,0.0046
2019-10-11,8280.0,8596.0,8815.2,8253.0,6.08,-0.0368
2019-10-10,8596.0,8610.4,8682.8,8472.0,4.32,-0.0013
2019-10-09,8607.5,8205.0,8717.9,8146.6,8.39,0.0483
2019-10-08,8211.2,8234.6,8362.0,8132.8,3.47,-0.0019
2019-10-07,8227.0,7886.2,8342.0,7794.9,8.15,0.0436
2019-10-06,7883.1,8162.5,8183.1,7807.1,5.85,-0.0342
2019-10-05,8162.5,8170.1,8210.7,8040.0,3.33,-0.0009
2019-10-04,8170.0,8260.5,8264.9,8040.0,3.05,-0.0106
2019-10-03,8257.9,8414.9,8440.0,8100.7,3.72,-0.018500000000000003
2019-10-02,8413.4,8333.7,8419.9,8193.5,3.45,0.009399999999999999
2019-10-01,8334.9,8331.1,8539.0,8228.0,5.84,0.0005
2019-09-30,8331.1,8090.1,8384.0,7753.0,10.92,0.0298
2019-09-29,8090.0,8238.2,8260.2,7930.7,6.14,-0.018000000000000002
2019-09-28,8238.6,8215.3,8354.7,8047.9,5.45,0.0031
2019-09-27,8213.4,8105.9,8296.5,7906.3,7.47,0.013500000000000002
2019-09-26,8103.6,8475.3,8489.9,7800.1,15.42,-0.0438
2019-09-25,8474.7,8535.0,8770.0,8266.1,12.77,-0.0086
2019-09-24,8547.9,9702.6,9788.1,8110.1,34.87,-0.11900000000000001
2019-09-23,9702.6,10055.0,10077.0,9627.5,5.49,-0.0348
2019-09-22,10052.0,10012.0,10105.0,9881.4,2.75,0.0039000000000000003
2019-09-21,10013.0,10197.0,10199.0,9958.1,2.98,-0.0181
2019-09-20,10198.0,10303.0,10340.0,10105.0,2.51,-0.01
2019-09-19,10301.0,10185.0,10417.0,9655.0,9.77,0.011399999999999999
2019-09-18,10185.0,10214.1,10278.0,10111.0,3.34,-0.0028000000000000004
2019-09-17,10214.1,10290.0,10308.0,10171.0,2.94,-0.0079
2019-09-16,10295.0,10321.0,10399.0,10100.0,5.52,-0.0026
2019-09-15,10322.0,10381.0,10402.0,10287.0,1.88,-0.0055000000000000005
2019-09-14,10379.0,10374.0,10478.0,10256.0,3.16,0.0005
2019-09-13,10374.0,10452.0,10475.0,10170.0,4.50,-0.0075
2019-09-12,10452.0,10174.2,10488.0,10065.1,4.40,0.027200000000000002
2019-09-11,10175.0,10121.0,10297.0,9866.5,4.35,0.0052
2019-09-10,10122.0,10317.0,10399.0,9961.7,4.21,-0.019
2019-09-09,10318.0,10417.0,10542.0,10118.6,5.20,-0.009300000000000001
2019-09-08,10415.0,10489.0,10599.0,10257.0,3.51,-0.006999999999999999
2019-09-07,10488.0,10305.0,10581.0,10305.0,3.38,0.0166
2019-09-06,10317.0,10582.9,10933.0,10218.0,11.28,-0.024700000000000003
2019-09-05,10578.7,10593.0,10663.0,10483.0,3.01,-0.0011
2019-09-04,10590.0,10642.0,10841.2,10411.0,6.25,-0.0048
2019-09-03,10641.0,10401.0,10766.0,10300.0,10.74,0.024399999999999998
2019-09-02,10388.0,9783.0,10473.0,9754.9,11.14,0.0623
2019-09-01,9779.1,9623.9,9858.0,9560.1,2.87,0.0161
2019-08-31,9623.9,9600.7,9710.2,9472.1,2.75,0.0024
2019-08-30,9601.0,9509.4,9710.0,9384.3,3.75,0.0097
2019-08-29,9509.0,9727.3,9727.3,9360.4,7.08,-0.0225
2019-08-28,9727.4,10190.0,10303.0,9585.3,10.41,-0.044800000000000006
2019-08-27,10184.0,10376.2,10392.0,10036.9,4.52,-0.018600000000000002
2019-08-26,10377.0,10144.0,10654.0,10144.0,8.98,0.0242
2019-08-25,10132.0,10162.0,10349.0,9881.1,5.21,-0.002
2019-08-24,10152.0,10414.0,10427.0,9900.0,5.41,-0.0246
2019-08-23,10408.0,10117.0,10461.0,10063.0,6.39,0.0288
2019-08-22,10117.0,10147.0,10247.0,9790.0,6.53,-0.0029
2019-08-21,10146.0,10795.0,10825.0,9880.0,11.79,-0.0599
2019-08-20,10793.0,10947.0,10986.0,10588.0,5.83,-0.0132
2019-08-19,10937.0,10329.0,10960.0,10280.0,7.38,0.0591
2019-08-18,10327.0,10230.0,10529.0,10086.0,3.90,0.0097
2019-08-17,10228.0,10372.0,10487.0,10004.1,4.89,-0.013300000000000001
2019-08-16,10366.0,10324.0,10568.0,9783.4,12.89,0.0038
2019-08-15,10327.0,10067.0,10470.0,9522.5,17.37,0.0258
2019-08-14,10067.0,10904.0,10909.0,9980.0,14.51,-0.0768
2019-08-13,10904.0,11411.0,11468.0,10801.0,9.00,-0.0438
2019-08-12,11404.0,11577.0,11578.8,11272.0,3.20,-0.015700000000000002
2019-08-11,11586.0,11308.0,11594.0,11158.0,5.44,0.024
2019-08-10,11314.0,11892.0,12003.0,11263.0,9.02,-0.0487
2019-08-09,11893.0,12051.0,12092.7,11711.0,7.81,-0.0138
2019-08-08,12060.0,11999.0,12126.0,11570.0,10.97,0.0053
2019-08-07,11997.0,11472.0,12122.0,11386.0,13.66,0.0458
2019-08-06,11471.2,11824.0,12307.0,11268.0,19.34,-0.0285
2019-08-05,11808.0,10974.0,11938.0,10973.0,16.13,0.0761
2019-08-04,10973.0,10822.0,11060.0,10595.0,9.28,0.013999999999999999
2019-08-03,10822.0,10520.0,10910.0,10506.0,7.42,0.0288
2019-08-02,10519.0,10400.0,10648.3,10345.0,8.44,0.0115
2019-08-01,10399.0,10096.0,10500.0,9899.9,7.78,0.0308
2019-07-31,10088.0,9588.9,10099.0,9575.5,7.94,0.052000000000000005
2019-07-30,9589.0,9503.5,9736.0,9401.6,5.19,0.0086
2019-07-29,9507.0,9530.0,9690.0,9396.6,5.70,-0.0013
2019-07-28,9519.0,9463.1,9604.2,9112.3,7.75,0.005600000000000001
2019-07-27,9465.7,9840.3,10189.0,9300.3,11.77,-0.0383
2019-07-26,9842.5,9888.0,9899.0,9672.0,5.12,-0.0048
2019-07-25,9890.1,9772.0,10180.0,9735.0,9.22,0.012199999999999999
2019-07-24,9771.0,9859.0,9917.7,9541.9,11.57,-0.0085
2019-07-23,9854.9,10330.0,10330.0,9824.5,9.77,-0.045899999999999996
2019-07-22,10329.0,10572.0,10667.0,10094.0,10.90,-0.0227
2019-07-21,10569.4,10741.0,10811.0,10300.0,8.25,-0.0159
2019-07-20,10740.0,10517.6,11085.0,10402.0,12.13,0.021
2019-07-19,10519.0,10624.0,10759.0,10132.7,13.16,-0.0097
2019-07-18,10622.0,9691.2,10750.0,9271.6,28.83,0.09699999999999999
2019-07-17,9683.2,9418.4,9963.1,9090.0,23.12,0.028999999999999998
2019-07-16,9410.0,10813.0,10991.0,9378.0,26.18,-0.1303
2019-07-15,10820.0,10193.0,11043.0,9920.6,21.44,0.0601
2019-07-14,10206.8,11324.0,11390.0,10125.0,22.49,-0.0977
2019-07-13,11312.0,11779.0,11803.0,10806.0,14.72,-0.0385
2019-07-12,11765.0,11327.0,11900.0,11100.0,12.25,0.0375
2019-07-11,11340.0,12092.0,12092.0,11006.0,21.60,-0.0623
2019-07-10,12093.0,12564.0,13173.0,11572.0,36.06,-0.0366
2019-07-09,12553.0,12301.5,12811.0,12173.0,19.16,0.020499999999999997
2019-07-08,12301.0,11484.0,12382.0,11339.0,17.84,0.071
2019-07-07,11486.0,11276.0,11618.0,11121.6,8.42,0.018000000000000002
2019-07-06,11283.0,10983.0,11720.0,10983.0,12.21,0.0259
2019-07-05,10998.0,11141.0,11440.0,10802.0,16.37,-0.015300000000000001
2019-07-04,11169.0,12000.0,12063.5,11057.0,19.84,-0.068
2019-07-03,11984.0,10903.0,12004.0,10903.0,28.09,0.10289999999999999
2019-07-02,10866.0,10639.8,10961.0,9745.1,28.78,0.0213
2019-07-01,10639.0,10777.0,11221.0,10099.0,24.90,-0.009899999999999999
2019-06-30,10745.0,11973.0,12229.0,10705.0,19.07,-0.0986
2019-06-29,11921.0,12350.7,12350.7,11375.0,20.39,-0.0347
2019-06-28,12349.0,11183.0,12404.0,10812.0,31.98,0.1026
2019-06-27,11200.0,12876.0,13222.0,10397.0,47.61,-0.13019999999999998
2019-06-26,12876.0,11746.0,13764.0,11693.0,55.59,0.09570000000000001
2019-06-25,11751.0,11070.0,11780.0,10992.4,21.85,0.0632
2019-06-24,11053.0,10913.0,11135.0,10560.0,14.40,0.0126
2019-06-23,10916.0,10745.0,11368.0,10576.0,18.59,0.015600000000000001
2019-06-22,10747.9,10227.0,11210.0,10098.2,36.68,0.05
2019-06-21,10236.0,9557.8,10249.0,9557.8,22.23,0.071
2019-06-20,9557.1,9306.0,9620.8,9241.0,10.59,0.027000000000000003
2019-06-19,9305.9,9094.9,9339.9,9062.0,5.77,0.0231
2019-06-18,9095.9,9351.0,9370.9,8945.4,10.59,-0.0278
2019-06-17,9356.0,8986.0,9489.9,8986.0,14.17,0.0412
2019-06-16,8986.0,8852.8,9389.6,8803.0,20.91,0.0147
2019-06-15,8856.0,8689.0,8904.1,8611.0,9.40,0.0192
2019-06-14,8689.1,8230.0,8714.9,8163.3,12.71,0.056100000000000004
2019-06-13,8227.4,8177.6,8333.0,8038.9,8.89,0.0064
2019-06-12,8175.4,7903.1,8238.8,7822.3,9.14,0.034300000000000004
2019-06-11,7904.1,8018.8,8048.9,7711.3,6.53,-0.0137
2019-06-10,8013.7,7622.5,8046.3,7523.3,8.90,0.049
2019-06-09,7639.2,7924.0,7961.0,7502.5,6.83,-0.036000000000000004
2019-06-08,7924.6,8002.1,8064.8,7802.0,4.77,-0.0084
2019-06-07,7991.5,7816.9,8123.5,7769.1,13.44,0.023799999999999998
2019-06-06,7805.6,7766.3,7870.6,7461.0,7.51,0.0021
2019-06-05,7789.3,7692.8,7931.0,7603.0,10.83,0.0125
2019-06-04,7692.8,8088.0,8088.0,7524.5,28.12,-0.0507
2019-06-03,8103.4,8740.1,8740.1,8050.1,18.66,-0.0728
2019-06-02,8740.0,8546.9,8818.0,8540.0,6.24,0.0226
2019-06-01,8547.0,8531.9,8625.0,8452.0,5.46,0.0016
2019-05-31,8533.3,8268.5,8550.0,8112.4,10.93,0.0318
2019-05-30,8269.9,8681.2,9100.0,8019.7,20.29,-0.0473
2019-05-29,8680.9,8738.1,8794.9,8490.0,10.30,-0.0069
2019-05-28,8740.9,8806.1,8843.7,8558.3,11.14,-0.0074
2019-05-27,8806.0,8730.0,8951.0,8661.0,17.56,0.0087
2019-05-26,8729.9,8054.9,8820.0,7880.2,20.14,0.08380000000000001
2019-05-25,8054.9,7990.0,8135.0,7950.4,4.34,0.0075
2019-05-24,7994.9,7872.1,8158.6,7801.6,10.92,0.015600000000000001
2019-05-23,7872.4,7619.9,7957.1,7496.3,10.55,0.033
2019-05-22,7621.1,7933.6,8030.0,7507.9,10.78,-0.0398
2019-05-21,7937.0,7990.5,8089.9,7819.7,7.69,-0.006
2019-05-20,7985.0,8188.3,8188.3,7601.0,16.90,-0.025
2019-05-19,8189.5,7260.1,8263.2,7252.0,23.46,0.128
2019-05-18,7260.0,7418.3,7509.1,7210.6,9.32,-0.021
2019-05-17,7415.4,7857.5,7905.7,7067.4,29.02,-0.0562
2019-05-16,7857.0,8135.5,8307.7,7750.1,22.29,-0.0339
2019-05-15,8132.9,7951.9,8208.9,7837.6,19.04,0.0219
2019-05-14,7958.3,7753.2,8194.1,7684.1,29.32,0.0265
2019-05-13,7753.2,6980.1,8049.9,6883.9,36.47,0.1108
2019-05-12,6979.9,7125.1,7448.0,6860.0,31.96,-0.0219
2019-05-11,7136.4,6438.7,7278.3,6438.7,37.91,0.1084
2019-05-10,6438.7,6262.0,6522.0,6212.6,14.49,0.0288
2019-05-09,6258.4,6201.9,6309.0,6165.0,9.68,0.009300000000000001
2019-05-08,6201.0,6096.6,6220.4,6024.1,8.20,0.018600000000000002
2019-05-07,6087.9,6027.9,6290.0,6027.9,11.99,0.01
2019-05-06,6027.9,6042.0,6100.3,5906.8,6.48,-0.0023
2019-05-05,6042.0,6098.2,6112.0,5956.2,5.82,-0.0092
2019-05-04,6098.3,6019.9,6149.1,5868.2,9.44,0.0137
2019-05-03,6016.0,5729.6,6139.9,5716.5,19.48,0.051100000000000007
2019-05-02,5723.8,5629.5,5779.8,5618.0,11.06,0.0167
2019-05-01,5629.6,5599.6,5655.0,5585.5,5.53,0.0054
2019-04-30,5599.5,5480.0,5612.0,5454.9,7.44,0.0218
2019-04-29,5480.1,5486.8,5515.2,5370.3,7.81,-0.0012
2019-04-28,5486.8,5400.6,5542.2,5400.6,7.76,0.015700000000000002
2019-04-27,5401.8,5410.9,5456.9,5355.4,4.57,-0.0017000000000000001
2019-04-26,5410.8,5215.6,5517.1,5174.1,21.53,0.0368
2019-04-25,5219.0,5479.6,5556.8,5065.2,21.49,-0.04769999999999999
2019-04-24,5480.3,5547.1,5647.4,5415.0,16.53,-0.0127
2019-04-23,5550.9,5417.8,5645.0,5395.2,18.76,0.0246
2019-04-22,5417.8,5320.3,5447.5,5276.5,11.95,0.018000000000000002
2019-04-21,5321.9,5340.1,5366.1,5259.4,6.15,-0.0034000000000000002
2019-04-20,5340.0,5314.1,5375.6,5289.2,6.48,0.0049
2019-04-19,5314.0,5310.8,5371.1,5225.0,6.31,0.0006
2019-04-18,5310.8,5254.5,5339.3,5254.0,9.04,0.010700000000000001
2019-04-17,5254.5,5234.3,5291.1,5224.7,9.28,0.0039000000000000003
2019-04-16,5234.3,5042.8,5256.2,5030.0,8.38,0.036699999999999997
2019-04-15,5049.2,5190.1,5217.1,5000.7,9.52,-0.0279
2019-04-14,5194.3,5103.7,5209.0,5064.2,4.15,0.0181
2019-04-13,5101.8,5114.1,5160.8,5075.3,5.21,-0.0024
2019-04-12,5114.0,5059.0,5134.9,4935.2,9.22,0.0095
2019-04-11,5065.8,5315.5,5340.0,5001.1,19.39,-0.0463
2019-04-10,5311.7,5213.0,5487.4,5200.5,15.78,0.0183
2019-04-09,5216.3,5312.4,5312.5,5173.5,11.90,-0.0181
2019-04-08,5312.5,5238.9,5361.7,5148.5,17.82,0.014199999999999999
2019-04-07,5238.1,5091.1,5313.1,5075.0,9.95,0.028999999999999998
2019-04-06,5090.5,5080.4,5280.0,4968.1,14.20,0.002
2019-04-05,5080.4,4939.3,5130.0,4930.1,11.36,0.0287
2019-04-04,4938.9,4976.9,5099.9,4834.0,15.42,-0.0079
2019-04-03,4978.0,4929.3,5330.1,4849.1,44.28,0.0103
2019-04-02,4927.1,4196.9,5079.4,4189.7,54.14,0.174
2019-04-01,4196.8,4167.5,4220.8,4127.2,7.01,0.006999999999999999
2019-03-31,4167.6,4165.1,4181.4,4153.1,2.27,0.0006
2019-03-30,4165.1,4179.1,4210.0,4117.2,6.63,-0.0033
2019-03-29,4179.0,4092.6,4188.0,4084.7,8.65,0.021099999999999997
2019-03-28,4092.6,4102.7,4104.0,4066.4,6.22,-0.0024
2019-03-27,4102.5,3992.7,4109.6,3979.6,7.93,0.0278
2019-03-26,3991.7,3970.0,3994.8,3951.0,5.09,0.0055000000000000005
2019-03-25,3970.0,4041.4,4049.9,3939.1,6.70,-0.0177
2019-03-24,4041.4,4063.0,4063.2,4011.5,3.36,-0.0054
2019-03-23,4063.2,4045.2,4076.3,4038.5,4.37,0.0044
2019-03-22,4045.3,4044.8,4064.6,4035.1,4.84,0.0001
2019-03-21,4044.8,4127.2,4138.7,4005.2,11.82,-0.02
2019-03-20,4127.2,4104.6,4136.2,4073.9,7.82,0.0055000000000000005
2019-03-19,4104.7,4073.7,4118.0,4056.6,5.55,0.0077
2019-03-18,4073.5,4069.0,4119.9,4035.6,3.68,0.0011
2019-03-17,4068.9,4088.0,4088.3,4041.1,3.38,-0.004699999999999999
2019-03-16,4088.0,4003.1,4152.7,4003.1,13.94,0.0212
2019-03-15,4003.1,3948.3,4011.0,3948.3,6.72,0.0139
2019-03-14,3948.3,3946.2,4000.1,3882.8,8.30,0.0001
2019-03-13,3947.9,3954.9,3972.1,3925.1,5.51,-0.0016
2019-03-12,3954.1,3950.7,3979.5,3895.2,7.63,0.0013
2019-03-11,3949.0,4000.0,4009.2,3920.7,6.61,-0.0128
2019-03-10,4000.0,4017.3,4017.3,3961.8,4.67,-0.0043
2019-03-09,4017.3,3940.5,4046.2,3933.9,7.38,0.0195
2019-03-08,3940.5,3964.7,4020.9,3863.7,9.36,-0.0060999999999999995
2019-03-07,3964.7,3951.5,3989.6,3935.7,7.64,0.0034000000000000002
2019-03-06,3951.4,3951.6,3984.1,3912.4,6.59,-0.0001
2019-03-05,3951.6,3800.0,3966.9,3786.2,10.80,0.039900000000000005
2019-03-04,3800.0,3884.8,3908.1,3767.1,10.18,-0.0218
2019-03-03,3884.8,3913.0,3923.4,3856.7,2.88,-0.0072
2019-03-02,3913.0,3915.0,3924.0,3850.0,5.11,-0.0003
2019-03-01,3914.0,3894.0,3948.7,3893.0,4.76,0.0051
2019-02-28,3894.0,3900.1,3988.0,3875.0,12.10,-0.0022
2019-02-27,3902.7,3896.8,3934.0,3767.0,12.03,0.0015
2019-02-26,3896.8,3919.3,3934.1,3870.4,5.11,-0.0064
2019-02-25,3921.8,3825.0,3965.0,3825.0,10.41,0.023399999999999997
2019-02-24,3832.0,4212.2,4282.4,3812.0,36.09,-0.0902
2019-02-23,4211.7,4058.2,4255.0,4014.5,21.53,0.0378
2019-02-22,4058.3,4008.8,4074.0,3991.3,14.21,0.0123
2019-02-21,4008.8,4053.7,4122.0,3975.3,15.48,-0.011399999999999999
2019-02-20,4055.0,3989.9,4070.0,3969.2,15.25,0.0163
2019-02-19,3989.9,3978.4,4081.4,3943.4,24.30,0.003
2019-02-18,3978.1,3734.5,4019.9,3723.9,37.62,0.0652
2019-02-17,3734.5,3676.5,3788.8,3668.9,14.07,0.0158
2019-02-16,3676.4,3670.1,3724.9,3666.0,7.52,0.0018
2019-02-15,3670.0,3656.7,3716.3,3644.5,7.81,0.0036
2019-02-14,3656.7,3665.5,3681.1,3641.1,7.53,-0.0026
2019-02-13,3666.1,3694.1,3735.4,3650.4,11.76,-0.0076
2019-02-12,3694.2,3681.0,3728.0,3645.3,11.34,0.0036
2019-02-11,3681.1,3749.7,3749.7,3672.0,7.80,-0.0174
2019-02-10,3746.3,3718.3,3753.5,3667.1,9.97,0.0075
2019-02-09,3718.4,3724.1,3739.1,3688.8,6.74,-0.0015
2019-02-08,3724.0,3439.0,3799.6,3427.8,31.15,0.08380000000000001
2019-02-07,3436.1,3451.9,3462.3,3429.3,4.80,-0.0046
2019-02-06,3452.0,3512.6,3521.0,3417.6,13.16,-0.0173
2019-02-05,3512.6,3490.4,3517.0,3475.9,4.59,0.0063
2019-02-04,3490.5,3504.2,3522.6,3475.3,5.21,-0.0032
2019-02-03,3501.7,3564.5,3566.8,3470.1,7.86,-0.0176
2019-02-02,3564.3,3534.8,3575.4,3500.8,10.89,0.0079
2019-02-01,3536.2,3502.7,3557.2,3465.0,10.04,0.01
2019-01-31,3501.1,3529.7,3565.7,3482.2,8.57,-0.008100000000000001
2019-01-30,3529.6,3478.0,3548.0,3451.5,12.58,0.0149
2019-01-29,3477.9,3501.1,3512.5,3427.2,10.47,-0.0068000000000000005
2019-01-28,3501.9,3597.1,3597.9,3450.3,17.02,-0.0265
2019-01-27,3597.1,3630.7,3642.5,3544.0,11.45,-0.009300000000000001
2019-01-26,3630.7,3629.0,3745.8,3624.8,13.00,0.0005
2019-01-25,3628.9,3653.0,3663.4,3582.1,7.38,-0.006500000000000001
2019-01-24,3652.6,3621.7,3670.0,3589.9,7.87,0.009000000000000001
2019-01-23,3619.9,3639.0,3677.0,3591.2,7.97,-0.0053
2019-01-22,3639.1,3579.4,3676.3,3488.3,18.08,0.0167
2019-01-21,3579.4,3588.6,3614.8,3550.0,10.81,-0.0019
2019-01-20,3586.1,3762.3,3796.0,3548.3,20.62,-0.0462
2019-01-19,3760.0,3674.1,3858.5,3673.9,13.39,0.0229
2019-01-18,3675.7,3722.5,3723.9,3652.4,5.65,-0.0127
2019-01-17,3723.0,3671.3,3725.0,3610.0,10.86,0.0141
2019-01-16,3671.2,3657.0,3750.0,3642.9,13.23,0.004
2019-01-15,3656.5,3749.3,3769.5,3625.1,13.32,-0.0248
2019-01-14,3749.3,3591.0,3798.7,3581.8,14.84,0.0441
2019-01-13,3591.0,3702.0,3712.9,3570.0,12.59,-0.03
2019-01-12,3702.0,3712.8,3734.0,3674.4,9.29,-0.0038
2019-01-11,3716.1,3712.8,3777.4,3666.6,13.13,0.0009
2019-01-10,3712.8,4083.3,4136.1,3687.2,35.02,-0.0907
2019-01-09,4083.2,4100.0,4165.5,4036.0,20.63,-0.0040999999999999995
2019-01-08,4100.0,4113.9,4210.0,4056.2,18.72,-0.0034000000000000002
2019-01-07,4113.9,4170.9,4196.9,4078.5,11.32,-0.0138
2019-01-06,4171.5,3911.0,4214.5,3892.9,25.17,0.0666
2019-01-05,3911.0,3954.8,4014.9,3901.4,14.87,-0.0111
2019-01-04,3954.9,3923.2,3985.8,3853.3,13.23,0.008100000000000001
2019-01-03,3923.2,4049.9,4055.1,3882.0,10.92,-0.030899999999999997
2019-01-02,4048.5,3963.1,4082.2,3920.1,19.43,0.0216
2019-01-01,3963.0,3832.6,3981.9,3788.4,13.85,0.0346
2018-12-31,3830.5,3976.7,3986.9,3779.5,15.79,-0.037200000000000004
2018-12-30,3978.3,3893.8,4003.0,3845.2,17.73,0.0235
2018-12-29,3887.0,4033.9,4099.7,3864.6,18.70,-0.0371
2018-12-28,4036.7,3712.0,4094.9,3696.3,26.92,0.0867
2018-12-27,3714.7,3930.0,3954.9,3688.0,23.61,-0.0547
2018-12-26,3929.8,3909.7,3990.0,3812.1,19.13,0.0051
2018-12-25,3909.7,4140.7,4152.1,3815.5,33.73,-0.056799999999999996
2018-12-24,4145.2,4071.7,4384.0,4069.0,38.00,0.0171
2018-12-23,4075.7,4135.0,4210.0,4036.8,24.47,-0.0143
2018-12-22,4135.0,3975.9,4147.3,3919.5,19.51,0.04
2018-12-21,3976.1,4214.6,4283.0,3913.3,43.52,-0.056600000000000004
2018-12-20,4214.5,3810.0,4275.7,3788.6,65.87,0.10619999999999999
2018-12-19,3810.0,3780.1,4041.1,3758.0,55.26,0.0079
2018-12-18,3780.1,3625.0,3780.9,3551.0,29.43,0.042800000000000005
2018-12-17,3625.1,3299.9,3711.5,3285.5,35.72,0.09849999999999999
2018-12-16,3299.9,3282.2,3380.3,3278.0,19.10,0.0045000000000000005
2018-12-15,3285.1,3281.6,3323.8,3216.1,17.89,0.0007000000000000001
2018-12-14,3282.8,3354.4,3390.8,3226.4,28.56,-0.0213
2018-12-13,3354.4,3535.6,3539.1,3322.2,22.24,-0.0513
2018-12-12,3535.6,3435.3,3611.2,3415.1,20.93,0.0292
2018-12-11,3435.3,3523.5,3549.6,3384.0,24.05,-0.0254
2018-12-10,3524.9,3642.1,3697.9,3475.8,22.60,-0.0315
2018-12-09,3639.6,3506.0,3766.6,3469.7,25.08,0.0381
2018-12-08,3506.0,3460.0,3784.8,3316.2,39.08,0.013300000000000001
2018-12-07,3460.0,3528.6,3624.8,3278.4,74.08,-0.0202
2018-12-06,3531.3,3770.5,3908.0,3506.0,58.22,-0.0621
2018-12-05,3765.3,3982.2,4000.1,3751.1,28.43,-0.054400000000000004
2018-12-04,3981.9,3903.8,4131.1,3793.1,33.69,0.0207
2018-12-03,3901.2,4172.9,4178.5,3836.2,36.86,-0.0621
2018-12-02,4159.7,4241.4,4353.2,4127.2,24.40,-0.0196
2018-12-01,4243.0,4043.6,4339.0,3978.8,27.50,0.0507
2018-11-30,4038.3,4323.3,4357.4,3966.2,42.38,-0.0637
2018-11-29,4312.9,4331.4,4472.0,4180.6,41.10,0.0015
2018-11-28,4306.3,3902.3,4439.6,3889.9,65.26,0.10859999999999999
2018-11-27,3884.4,3850.1,3941.6,3713.2,46.27,0.0068000000000000005
2018-11-26,3858.0,4111.3,4196.4,3708.1,64.08,-0.0562
2018-11-25,4087.8,3934.9,4211.3,3663.0,82.18,0.04019999999999999
2018-11-24,3929.8,4422.8,4515.2,3834.7,50.98,-0.1114
2018-11-23,4422.7,4370.8,4482.0,4251.0,36.09,0.0069
2018-11-22,4392.4,4672.1,4716.8,4388.5,27.95,-0.0588
2018-11-21,4666.6,4572.8,4773.4,4429.9,44.38,0.014499999999999999
2018-11-20,4600.1,4944.9,5048.0,4318.1,117.22,-0.0684
2018-11-19,4938.1,5650.3,5650.3,4890.9,74.15,-0.1275
2018-11-18,5659.4,5637.2,5716.0,5621.0,9.55,0.0058
2018-11-17,5626.7,5655.7,5659.2,5573.6,7.98,-0.006
2018-11-16,5660.5,5731.9,5756.8,5555.0,18.43,-0.0161
2018-11-15,5753.4,5922.3,5929.2,5441.5,49.91,-0.0223
2018-11-14,5884.6,6458.9,6485.0,5705.0,69.20,-0.0897
2018-11-13,6464.4,6447.0,6497.5,6403.5,10.12,0.0027
2018-11-12,6446.9,6481.0,6481.0,6418.8,7.30,-0.0005
2018-11-11,6450.0,6431.0,6459.9,6364.0,7.34,0.0029
2018-11-10,6431.1,6414.5,6461.7,6414.5,3.25,0.0017000000000000001
2018-11-09,6420.2,6479.5,6502.9,6392.6,10.45,-0.0092
2018-11-08,6479.6,6573.0,6585.0,6477.0,11.58,-0.014199999999999999
2018-11-07,6572.7,6519.0,6607.1,6512.2,10.72,0.0088
2018-11-06,6515.2,6475.0,6515.3,6447.8,7.25,0.006999999999999999
2018-11-05,6470.1,6495.2,6495.2,6439.4,4.81,-0.0023
2018-11-04,6485.2,6389.2,6509.4,6360.1,8.96,0.0152
2018-11-03,6387.9,6432.2,6432.2,6334.7,11.37,-0.0060999999999999995
2018-11-02,6426.9,6407.1,6454.8,6391.6,8.07,0.0043
2018-11-01,6399.7,6374.8,6423.2,6353.5,9.12,0.0049
2018-10-31,6368.4,6330.1,6406.4,6248.2,9.96,0.006
2018-10-30,6330.1,6347.1,6380.0,6313.2,10.73,-0.0022
2018-10-29,6344.0,6490.2,6505.0,6320.9,19.56,-0.0225
2018-10-28,6490.1,6498.4,6510.1,6456.3,6.84,-0.0016
2018-10-27,6500.2,6534.9,6553.9,6480.1,6.97,-0.0048
2018-10-26,6531.5,6533.4,6588.3,6514.3,7.45,0.0005
2018-10-25,6528.1,6554.0,6566.0,6500.1,8.71,-0.004
2018-10-24,6554.1,6550.0,6623.0,6543.2,8.49,0.0006
2018-10-23,6550.0,6567.2,6584.3,6525.4,8.86,-0.0026
2018-10-22,6567.2,6587.4,6627.6,6549.1,6.05,-0.0037
2018-10-21,6591.6,6582.9,6655.0,6582.9,4.42,0.0007000000000000001
2018-10-20,6586.7,6517.0,6609.7,6511.3,4.61,0.0091
2018-10-19,6527.3,6609.6,6630.2,6519.9,11.20,-0.013000000000000001
2018-10-18,6613.0,6736.4,6778.2,6567.5,12.53,-0.0184
2018-10-17,6737.1,6754.2,6792.7,6681.3,8.88,-0.0025
2018-10-16,6754.1,6739.0,6891.8,6679.0,15.66,0.0018
2018-10-15,6742.0,6322.7,7704.2,6300.0,85.00,0.0642
2018-10-14,6335.2,6326.0,6399.1,6318.5,11.23,0.0014000000000000002
2018-10-13,6326.5,6288.6,6331.4,6288.6,5.82,0.0053
2018-10-12,6293.2,6249.0,6348.4,6223.0,10.40,0.0066
2018-10-11,6252.0,6628.0,6628.0,6223.8,41.61,-0.057
2018-10-10,6630.2,6659.7,6659.7,6529.7,13.82,-0.0049
2018-10-09,6663.0,6679.7,6680.6,6608.5,8.02,-0.0015
2018-10-08,6673.2,6617.0,6718.4,6585.9,12.70,0.0109
2018-10-07,6601.0,6595.2,6633.7,6532.8,5.80,0.0014000000000000002
2018-10-06,6592.0,6639.9,6648.2,6564.5,5.80,-0.0079
2018-10-05,6644.7,6594.3,6666.9,6548.0,12.43,0.0098
2018-10-04,6580.1,6507.9,6640.0,6499.3,11.79,0.0118
2018-10-03,6503.2,6527.5,6552.5,6428.1,14.57,-0.0046
2018-10-02,6533.3,6602.0,6638.4,6514.1,12.03,-0.0104
2018-10-01,6601.9,6625.9,6659.6,6521.0,10.36,-0.0024
2018-09-30,6618.1,6590.0,6656.5,6533.3,8.49,0.002
2018-09-29,6604.6,6627.3,6631.2,6466.0,17.30,-0.0046
2018-09-28,6635.1,6691.2,6825.0,6545.1,27.89,-0.0086
2018-09-27,6692.5,6462.4,6727.2,6440.7,18.37,0.0356
2018-09-26,6462.4,6442.8,6552.7,6385.8,13.81,0.0043
2018-09-25,6434.7,6585.1,6585.1,6350.2,20.21,-0.022799999999999997
2018-09-24,6585.0,6697.8,6721.7,6555.1,17.76,-0.018600000000000002
2018-09-23,6710.0,6723.1,6783.3,6664.2,8.51,-0.0019
2018-09-22,6723.0,6789.8,6840.0,6643.6,18.26,-0.0059
2018-09-21,6762.7,6522.1,6790.0,6496.0,36.99,0.0403
2018-09-20,6500.5,6392.8,6535.0,6357.2,16.67,0.0171
2018-09-19,6390.9,6330.8,6521.5,6112.7,29.90,0.0076
2018-09-18,6342.8,6243.0,6384.0,6229.2,15.93,0.014199999999999999
2018-09-17,6254.2,6506.1,6532.8,6205.1,23.54,-0.037599999999999995
2018-09-16,6498.5,6512.8,6517.8,6384.5,8.73,-0.0023
2018-09-15,6513.6,6480.1,6568.9,6473.6,8.35,0.0044
2018-09-14,6485.0,6495.0,6593.0,6355.6,16.37,0.0015
2018-09-13,6475.6,6334.0,6523.4,6334.0,19.24,0.0227
2018-09-12,6332.0,6290.9,6355.0,6203.1,16.08,0.006500000000000001
2018-09-11,6290.8,6332.1,6397.1,6178.1,16.61,-0.0027
2018-09-10,6308.0,6240.0,6363.5,6233.2,14.45,0.0109
2018-09-09,6239.9,6184.9,6427.6,6142.2,16.46,0.0089
2018-09-08,6185.0,6404.2,6475.1,6130.3,21.85,-0.0342
2018-09-07,6404.1,6516.1,6532.9,6322.8,20.74,-0.0171
2018-09-06,6515.6,6705.0,6720.8,6310.3,53.00,-0.028999999999999998
2018-09-05,6710.5,7357.3,7400.0,6700.0,55.65,-0.08810000000000001
2018-09-04,7358.9,7267.8,7410.3,7246.2,20.82,0.0125
2018-09-03,7268.0,7304.7,7341.4,7200.1,22.31,-0.0031
2018-09-02,7290.4,7197.5,7367.0,7137.2,44.68,0.0129
2018-09-01,7197.5,7022.9,7260.4,7020.5,21.39,0.024399999999999998
2018-08-31,7025.9,6986.1,7084.0,6889.0,19.38,0.0045000000000000005
2018-08-30,6994.7,7037.9,7060.0,6802.4,24.58,-0.0072
2018-08-29,7045.7,7079.9,7133.6,6931.6,19.83,-0.0048
2018-08-28,7079.7,6910.5,7127.2,6872.0,30.07,0.0246
2018-08-27,6909.5,6707.0,6911.6,6653.5,24.21,0.03
2018-08-26,6708.4,6732.8,6784.1,6574.5,16.75,-0.0036
2018-08-25,6732.9,6693.3,6795.5,6670.0,16.88,0.0055000000000000005
2018-08-24,6695.9,6530.5,6728.3,6462.7,20.20,0.0258
2018-08-23,6527.2,6363.8,6565.6,6350.0,19.94,0.0271
2018-08-22,6354.9,6479.1,6885.0,6253.0,58.96,-0.0192
2018-08-21,6479.1,6255.2,6500.0,6245.0,29.50,0.035699999999999996
2018-08-20,6255.9,6485.1,6520.6,6230.2,31.72,-0.0353
2018-08-19,6485.1,6395.0,6550.0,6309.3,15.35,0.0147
2018-08-18,6391.2,6585.9,6615.0,6301.9,19.73,-0.0292
2018-08-17,6583.3,6312.0,6588.7,6290.2,26.76,0.042699999999999995
2018-08-16,6314.0,6270.2,6474.7,6215.2,25.14,0.006999999999999999
2018-08-15,6270.1,6188.6,6623.8,6181.1,66.22,0.0131
2018-08-14,6189.0,6241.3,6244.0,5879.3,52.70,-0.0101
2018-08-13,6251.9,6312.2,6541.8,6150.0,32.33,-0.0098
2018-08-12,6313.9,6234.7,6481.7,6163.3,23.05,0.013000000000000001
2018-08-11,6232.7,6147.0,6485.7,6008.2,37.12,0.013999999999999999
2018-08-10,6146.8,6533.6,6573.6,6014.5,43.50,-0.058600000000000006
2018-08-09,6529.1,6280.7,6623.7,6188.2,33.38,0.0398
2018-08-08,6279.2,6718.8,6720.1,6131.0,53.88,-0.06570000000000001
2018-08-07,6720.5,6940.1,7149.9,6678.8,32.25,-0.0318
2018-08-06,6941.3,7025.8,7149.9,6847.0,18.12,-0.012
2018-08-05,7025.8,7013.2,7089.7,6890.2,17.68,0.0018
2018-08-04,7013.2,7420.0,7490.0,6930.0,31.72,-0.0548
2018-08-03,7420.0,7533.2,7533.2,7283.6,30.88,-0.015300000000000001
2018-08-02,7535.2,7606.0,7707.1,7463.1,17.75,-0.0097
2018-08-01,7608.8,7731.3,7755.6,7444.2,30.74,-0.0158
2018-07-31,7730.6,8179.5,8179.5,7670.0,43.55,-0.054900000000000004
2018-07-30,8179.6,8218.5,8274.2,7862.9,37.58,-0.005
2018-07-29,8221.0,8235.7,8293.9,8123.0,10.19,-0.0031
2018-07-28,8246.4,8188.0,8246.4,8073.9,13.66,0.0074
2018-07-27,8185.7,7933.5,8280.3,7815.1,34.22,0.0311
2018-07-26,7939.0,8178.4,8313.1,7869.8,32.78,-0.028999999999999998
2018-07-25,8176.0,8380.0,8485.7,8073.0,36.97,-0.026000000000000002
2018-07-24,8394.5,7719.8,8500.2,7692.3,64.68,0.0874
2018-07-23,7719.8,7397.7,7800.7,7374.1,47.52,0.0431
2018-07-22,7400.5,7403.4,7572.7,7338.9,17.17,-0.0004
2018-07-21,7403.3,7333.0,7458.0,7221.0,11.41,0.0096
2018-07-20,7333.1,7473.6,7681.0,7278.2,32.74,-0.018799999999999997
2018-07-19,7473.5,7379.8,7559.9,7282.9,22.19,0.0128
2018-07-18,7379.4,7320.0,7586.5,7249.9,39.62,0.008100000000000001
2018-07-17,7319.8,6734.3,7462.9,6667.4,48.12,0.08779999999999999
2018-07-16,6729.2,6347.7,6750.0,6328.9,31.00,0.0602
2018-07-15,6347.2,6250.0,6388.9,6232.3,10.99,0.0155
2018-07-14,6250.1,6219.7,6320.0,6179.3,8.90,0.0048
2018-07-13,6220.0,6240.6,6335.1,6133.4,20.09,-0.0046
2018-07-12,6249.0,6377.7,6377.7,6080.8,24.98,-0.0202
2018-07-11,6377.8,6299.0,6402.8,6287.7,16.41,0.0121
2018-07-10,6301.5,6666.9,6680.1,6269.3,28.02,-0.0548
2018-07-09,6666.7,6705.9,6820.0,6617.1,16.30,-0.006
2018-07-08,6707.0,6761.8,6790.8,6669.1,13.71,-0.008100000000000001
2018-07-07,6761.7,6602.2,6826.1,6511.5,15.29,0.0242
2018-07-06,6602.1,6531.6,6636.9,6452.9,14.95,0.0095
2018-07-05,6540.2,6589.9,6697.7,6452.0,23.13,-0.0076
2018-07-04,6590.0,6509.0,6778.3,6418.7,22.49,0.0138
2018-07-03,6500.0,6617.6,6672.4,6470.5,17.26,-0.0124
2018-07-02,6581.3,6617.6,6672.4,6539.0,26.92,0.0365
2018-07-01,6349.7,6391.5,6435.0,6260.2,11.38,-0.006500000000000001
2018-06-30,6391.5,6208.2,6518.1,6195.8,23.86,0.029500000000000002
2018-06-29,6208.1,5848.1,6273.0,5782.9,33.93,0.061200000000000004
2018-06-28,5850.0,6133.1,6167.7,5829.9,17.94,-0.0462
2018-06-27,6133.1,6073.5,6181.4,5989.0,18.27,0.009000000000000001
2018-06-26,6078.5,6250.8,6273.7,6050.2,18.83,-0.0269
2018-06-25,6246.6,6146.1,6334.2,6082.1,27.91,0.016
2018-06-24,6148.0,6151.9,6249.7,5762.9,45.50,-0.0006
2018-06-23,6152.0,6041.0,6253.9,6014.0,20.70,0.0181
2018-06-22,6042.6,6715.2,6730.7,5929.1,55.25,-0.0999
2018-06-21,6713.5,6760.0,6787.1,6680.1,10.65,-0.0069
2018-06-20,6760.4,6732.7,6818.2,6560.0,18.71,0.0034000000000000002
2018-06-19,6737.5,6711.6,6832.9,6666.2,17.38,0.0042
2018-06-18,6709.2,6443.5,6826.8,6378.6,26.37,0.0425
2018-06-17,6435.7,6491.0,6573.0,6426.9,9.44,-0.0077
2018-06-16,6485.9,6386.2,6557.2,6330.0,13.70,0.0158
2018-06-15,6385.0,6638.0,6655.5,6360.3,21.29,-0.0375
2018-06-14,6633.7,6295.1,6703.4,6269.5,33.06,0.0538
2018-06-13,6295.2,6543.1,6611.7,6125.7,45.58,-0.038
2018-06-12,6543.9,6873.2,6873.2,6441.0,32.01,-0.0479
2018-06-11,6873.3,6757.3,6897.0,6631.0,22.38,0.0172
2018-06-10,6757.3,7498.1,7498.1,6633.9,57.82,-0.0989
2018-06-09,7498.6,7615.2,7684.9,7467.7,7.22,-0.015300000000000001
2018-06-08,7615.1,7685.7,7697.0,7544.0,12.20,-0.0096
2018-06-07,7688.9,7653.9,7756.1,7645.8,11.04,0.0046
2018-06-06,7654.0,7621.9,7698.0,7495.2,18.27,0.0042
2018-06-05,7621.7,7487.9,7669.0,7372.9,16.84,0.0178
2018-06-04,7488.3,7718.0,7761.5,7457.5,18.13,-0.0298
2018-06-03,7718.0,7639.0,7777.4,7600.0,13.80,0.0105
2018-06-02,7638.1,7521.1,7691.2,7445.5,17.36,0.015600000000000001
2018-06-01,7521.0,7485.9,7599.8,7344.8,19.04,0.004699999999999999
2018-05-31,7485.8,7375.1,7599.7,7338.0,19.46,0.015
2018-05-30,7375.1,7465.3,7557.5,7279.6,22.08,-0.011399999999999999
2018-05-29,7460.0,7104.0,7527.9,7048.6,27.90,0.051
2018-05-28,7097.9,7339.6,7434.8,7062.4,26.68,-0.0329
2018-05-27,7339.7,7330.8,7411.5,7220.1,16.17,0.0013
2018-05-26,7330.3,7456.7,7621.7,7286.1,13.81,-0.0171
2018-05-25,7458.0,7576.0,7654.1,7323.1,25.87,-0.015700000000000002
2018-05-24,7576.7,7503.3,7718.0,7260.9,38.86,0.0109
2018-05-23,7494.8,7978.0,8020.0,7442.1,41.68,-0.0605
2018-05-22,7977.3,8399.6,8406.5,7947.2,20.53,-0.0496
2018-05-21,8393.4,8523.7,8586.9,8317.7,17.22,-0.015300000000000001
2018-05-20,8523.7,8230.9,8580.0,8171.5,15.50,0.0354
2018-05-19,8232.3,8238.9,8400.1,8142.0,14.15,-0.0008
2018-05-18,8239.0,8054.8,8276.6,7927.8,23.44,0.0232
2018-05-17,8051.8,8349.7,8466.9,7986.8,25.19,-0.0341
2018-05-16,8336.1,8467.0,8488.7,8103.6,32.76,-0.0155
2018-05-15,8467.5,8668.5,8838.0,8420.7,26.21,-0.023399999999999997
2018-05-14,8670.8,8683.8,8882.4,8279.5,37.15,-0.0015
2018-05-13,8683.6,8467.0,8753.0,8320.0,22.90,0.026099999999999998
2018-05-12,8462.7,8419.5,8631.6,8204.5,36.66,0.006
2018-05-11,8412.4,9015.2,9015.2,8341.8,54.49,-0.0672
2018-05-10,9018.7,9320.0,9390.0,9003.0,23.62,-0.0321
2018-05-09,9318.2,9180.7,9370.9,8980.1,22.81,0.014499999999999999
2018-05-08,9184.7,9356.4,9469.7,9052.3,25.86,-0.019799999999999998
2018-05-07,9370.0,9659.0,9675.7,9200.0,25.78,-0.029900000000000003
2018-05-06,9658.7,9859.6,9963.9,9455.0,26.92,-0.0204
2018-05-05,9859.6,9702.9,9990.0,9685.9,29.51,0.016200000000000003
2018-05-04,9702.8,9759.0,9811.9,9557.0,24.54,-0.0060999999999999995
2018-05-03,9762.1,9237.9,9838.0,9162.8,36.48,0.056900000000000006
2018-05-02,9236.4,9069.1,9279.8,8979.6,20.18,0.0187
2018-05-01,9067.0,9240.7,9240.7,8829.1,25.59,-0.0187
2018-04-30,9240.0,9400.0,9450.0,9110.7,23.26,-0.0169
2018-04-29,9398.6,9340.3,9564.1,9184.6,27.31,0.005699999999999999
2018-04-28,9345.3,8911.0,9436.0,8845.0,45.08,0.04769999999999999
2018-04-27,8920.1,9269.7,9381.1,8902.8,30.15,-0.0387
2018-04-26,9279.3,8850.1,9308.0,8656.0,43.21,0.0452
2018-04-25,8878.4,9643.0,9761.5,8768.4,74.49,-0.0794
2018-04-24,9644.4,8940.2,9737.9,8929.9,60.35,0.0788
2018-04-23,8940.0,8791.4,8940.0,8769.9,23.26,0.0159
2018-04-22,8800.0,8917.6,8979.8,8752.9,31.43,-0.0134
2018-04-21,8919.1,8865.4,9029.0,8618.9,39.56,0.006
2018-04-20,8866.1,8272.8,8937.5,8219.0,50.90,0.0717
2018-04-19,8272.8,8166.4,8296.8,8099.9,29.21,0.013000000000000001
2018-04-18,8166.3,7888.8,8229.0,7874.7,29.54,0.035
2018-04-17,7889.9,8056.1,8169.0,7823.3,28.23,-0.0206
2018-04-16,8056.2,8354.8,8415.0,7900.3,37.56,-0.035699999999999996
2018-04-15,8354.1,8003.0,8426.3,7997.2,31.90,0.043899999999999995
2018-04-14,8002.9,7885.8,8182.0,7820.7,26.52,0.0148
2018-04-13,7885.8,7915.2,8230.0,7746.0,59.91,-0.0033
2018-04-12,7912.0,6944.0,8083.7,6761.3,94.57,0.13949999999999999
2018-04-11,6943.1,6839.3,6975.7,6795.0,29.54,0.0152
2018-04-10,6839.3,6770.9,6890.6,6650.0,26.15,0.011000000000000001
2018-04-09,6764.6,7024.0,7187.4,6611.0,75.96,-0.0369
2018-04-08,7023.9,6892.6,7114.8,6883.0,29.33,0.019
2018-04-07,6892.6,6610.0,7075.4,6599.9,40.61,0.042699999999999995
2018-04-06,6610.2,6767.2,6851.5,6501.1,42.14,-0.0229
2018-04-05,6765.0,6785.8,6911.0,6571.9,45.85,-0.0031
2018-04-04,6785.9,7403.3,7422.0,6670.0,53.72,-0.0837
2018-04-03,7405.6,7073.8,7509.6,7020.0,49.86,0.05
2018-04-02,7052.7,6813.1,7121.4,6770.2,44.01,0.0356
2018-04-01,6810.0,6925.4,7035.1,6432.4,54.90,-0.0166
2018-03-31,6925.3,6838.1,7221.9,6782.9,68.02,0.0124
2018-03-30,6840.4,7091.5,7267.3,6533.0,108.25,-0.035699999999999996
2018-03-29,7094.0,7936.0,7963.9,6897.2,77.41,-0.1061
2018-03-28,7936.1,7784.5,8118.0,7725.0,35.08,0.0195
2018-03-27,7784.5,8128.0,8209.0,7727.0,50.41,-0.0412
2018-03-26,8119.1,8445.0,8496.4,7839.1,56.38,-0.038599999999999995
2018-03-25,8445.1,8525.0,8673.9,8373.0,30.69,-0.0105
2018-03-24,8535.0,8911.4,9040.2,8463.0,44.21,-0.04190000000000001
2018-03-23,8908.0,8703.8,8910.0,8272.8,44.91,0.0232
2018-03-22,8706.4,8888.6,9088.0,8453.1,54.42,-0.0218
2018-03-21,8900.1,8899.8,9175.2,8755.7,42.86,0.0
2018-03-20,8899.7,8600.2,9025.0,8309.6,54.28,0.0348
2018-03-19,8600.1,8209.0,8689.9,8100.0,73.28,0.048799999999999996
2018-03-18,8200.2,7832.0,8285.6,7240.0,88.92,0.044500000000000005
2018-03-17,7851.0,8250.0,8350.1,7729.5,48.97,-0.048499999999999995
2018-03-16,8251.0,8250.1,8602.7,7903.2,56.34,-0.0002
2018-03-15,8252.9,8181.3,8416.7,7666.3,82.58,0.008100000000000001
2018-03-14,8186.6,9135.2,9400.1,7923.8,78.81,-0.1038
2018-03-13,9135.0,9130.2,9479.0,8827.7,61.54,0.0015
2018-03-12,9121.0,9528.0,9894.7,8776.8,67.58,-0.042699999999999995
2018-03-11,9528.0,8764.4,9726.1,8429.0,70.48,0.0874
2018-03-10,8762.0,9216.2,9500.0,8691.1,52.54,-0.049400000000000006
2018-03-09,9217.0,9301.9,9420.5,8351.0,98.20,-0.0089
2018-03-08,9300.0,9910.7,10109.0,9037.0,67.75,-0.060899999999999996
2018-03-07,9902.9,10779.0,10899.0,9422.1,75.22,-0.0762
2018-03-06,10720.0,11403.0,11403.0,10578.0,44.24,-0.061
2018-03-05,11416.0,11497.0,11696.0,11390.0,27.56,-0.0074
2018-03-04,11501.0,11454.0,11544.0,11061.0,28.07,0.0053
2018-03-03,11440.0,11024.0,11526.0,11024.0,30.65,0.037599999999999995
2018-03-02,11025.0,10908.0,11189.0,10766.0,28.86,0.0092
2018-03-01,10925.0,10316.0,11087.0,10224.0,33.87,0.0591
2018-02-28,10315.0,10583.0,11063.0,10270.0,43.89,-0.024
2018-02-27,10569.0,10320.0,10880.0,10133.0,39.72,0.024
2018-02-26,10321.0,9583.0,10437.0,9359.9,45.94,0.0799
2018-02-25,9557.4,9666.3,9840.0,9284.3,30.52,-0.0113
2018-02-24,9666.3,10144.0,10499.0,9350.3,55.70,-0.0472
2018-02-23,10145.0,9826.5,10395.0,9583.9,59.07,0.032
2018-02-22,9830.0,10453.2,10912.0,9740.0,71.23,-0.059800000000000006
2018-02-21,10455.0,11216.0,11239.0,10200.0,76.96,-0.068
2018-02-20,11218.0,11172.0,11776.0,11101.0,60.92,0.004
2018-02-19,11173.0,10398.0,11250.0,10308.0,50.74,0.07719999999999999
2018-02-18,10372.0,11062.0,11250.0,10122.0,69.83,-0.0617
2018-02-17,11053.5,10161.0,11083.0,10050.0,52.80,0.0877
2018-02-16,10162.0,9996.0,10270.0,9674.9,43.89,0.0165
2018-02-15,9996.9,9454.3,10175.0,9338.8,67.53,0.057300000000000004
2018-02-14,9455.4,8515.9,9488.0,8512.6,50.36,0.1103
2018-02-13,8515.9,8902.9,8952.8,8339.7,39.51,-0.0432
2018-02-12,8900.6,8070.0,9000.0,8070.0,51.40,0.10310000000000001
2018-02-11,8069.0,8563.0,8569.0,7851.0,52.21,-0.057699999999999994
2018-02-10,8563.1,8678.1,9074.3,8152.1,68.15,-0.0138
2018-02-09,8683.2,8240.0,8748.0,7734.7,63.03,0.054400000000000004
2018-02-08,8235.1,7585.0,8648.8,7579.6,77.62,0.08539999999999999
2018-02-07,7587.0,7679.4,8488.2,7175.1,106.70,-0.0113
2018-02-06,7673.8,6946.6,7860.0,6000.0,192.76,0.1042
2018-02-05,6949.9,8185.2,8378.0,6658.8,131.29,-0.1525
2018-02-04,8200.0,9225.1,9403.3,7840.0,74.42,-0.1106
2018-02-03,9219.4,8887.1,9495.0,8189.6,51.91,0.0364
2018-02-02,8895.8,9181.0,9201.0,7972.2,123.34,-0.0311
2018-02-01,9181.1,10278.0,10311.0,8941.0,78.78,-0.1072
2018-01-31,10284.0,10170.0,10411.0,9761.0,43.23,0.010700000000000001
2018-01-30,10175.0,11215.0,11250.0,9864.9,61.28,-0.0925
2018-01-29,11212.0,11836.0,11957.0,11074.0,25.65,-0.053
2018-01-28,11839.0,11455.1,12181.0,11398.0,29.62,0.033
2018-01-27,11461.0,11068.0,11683.0,10822.0,34.40,0.0353
2018-01-26,11070.0,11144.0,11647.0,10298.0,56.75,-0.0068000000000000005
2018-01-25,11146.0,11402.0,11723.0,10857.0,34.44,-0.0235
2018-01-24,11414.0,10811.0,11529.0,10454.0,43.82,0.055
2018-01-23,10819.0,10770.0,11383.0,9901.1,63.85,0.0045000000000000005
2018-01-22,10771.0,11519.0,11886.0,10009.0,66.35,-0.0645
2018-01-21,11514.0,12732.0,12732.0,11020.0,53.62,-0.09539999999999998
2018-01-20,12728.0,11462.0,13002.0,11425.0,46.30,0.1091
2018-01-19,11476.0,11036.0,11879.0,10649.0,48.55,0.039
2018-01-18,11045.0,11101.0,11881.0,10515.0,85.24,-0.0033
2018-01-17,11082.0,11059.0,11490.0,9231.1,132.23,0.0009
2018-01-16,11072.0,13594.0,13604.0,9949.4,131.86,-0.1844
2018-01-15,13575.0,13558.0,14350.0,13307.0,33.46,0.0013
2018-01-14,13558.0,14190.0,14391.0,12874.3,35.60,-0.0446
2018-01-13,14191.0,13794.0,14580.0,13760.0,29.01,0.0296
2018-01-12,13783.0,13248.0,14095.0,12778.0,37.42,0.039
2018-01-11,13266.0,14895.0,14949.8,12639.0,71.70,-0.1094
2018-01-10,14896.0,14426.0,14896.0,13338.0,57.33,0.032799999999999996
2018-01-09,14423.0,14902.0,15355.0,14122.0,43.44,-0.034
2018-01-08,14930.0,16216.0,16279.0,13760.0,64.95,-0.0782
2018-01-07,16196.0,17163.0,17176.0,15726.0,30.84,-0.0562
2018-01-06,17161.0,16911.0,17252.0,16251.0,29.61,0.0144
2018-01-05,16917.0,15159.0,17101.0,14769.0,54.63,0.1159
2018-01-04,15160.0,15150.0,15390.0,14064.0,46.47,0.0003
2018-01-03,15155.0,14713.0,15428.0,14522.0,38.35,0.030299999999999997
2018-01-02,14709.8,13448.0,15300.0,12810.0,56.18,0.1015
2018-01-01,13354.0,13794.0,13893.0,12787.0,29.54,-0.0323
2017-12-31,13800.0,12385.0,14140.0,12183.9,43.29,0.115
2017-12-30,12377.0,14308.0,14403.0,11690.0,75.43,-0.1355
2017-12-29,14317.0,14323.0,15105.0,13847.0,48.01,0.0001
2017-12-28,14315.0,15374.0,15467.0,13232.0,72.89,-0.0689
2017-12-27,15374.0,15680.0,16494.0,14463.0,54.99,-0.0195
2017-12-26,15679.0,13627.0,16048.0,13550.0,63.44,0.1509
2017-12-25,13623.0,13517.0,14278.0,12678.0,45.61,0.0109
2017-12-24,13476.0,14036.0,14047.0,11601.2,72.38,-0.0398
2017-12-23,14035.0,13173.0,14986.0,12755.0,59.92,0.06570000000000001
2017-12-22,13170.0,15650.0,15826.0,10718.0,179.00,-0.1594
2017-12-21,15666.8,16433.0,17333.0,14827.0,65.58,-0.0462
2017-12-20,16425.0,17340.0,17709.0,15500.0,82.16,-0.053
2017-12-19,17345.0,18931.0,18987.0,16500.0,66.65,-0.0839
2017-12-18,18934.0,18959.0,19171.0,18010.0,53.58,-0.002
2017-12-17,18971.0,19210.0,19891.0,18622.0,51.80,-0.0113
2017-12-16,19187.0,17569.5,19548.0,17098.0,48.27,0.095
2017-12-15,17522.0,16396.0,18098.0,16352.0,63.11,0.0695
2017-12-14,16383.0,16122.0,16999.0,15870.0,45.72,0.0125
2017-12-13,16181.0,17010.0,17288.0,15674.0,62.88,-0.0463
2017-12-12,16967.0,16754.0,17500.0,16234.0,52.09,0.0127
2017-12-11,16754.0,14937.0,17443.0,14937.0,78.09,0.11720000000000001
2017-12-10,14997.0,14660.0,15728.0,12748.0,107.05,0.023
2017-12-09,14660.0,15829.0,16300.0,13021.0,77.82,-0.0762
2017-12-08,15869.0,16608.0,17160.0,13774.0,124.11,-0.0441
2017-12-07,16601.0,13500.0,16639.0,13154.0,141.26,0.22719999999999999
2017-12-06,13527.0,11590.0,13598.0,11590.0,83.59,0.1666
2017-12-05,11595.0,11611.0,11949.0,11414.0,48.94,0.0
2017-12-04,11595.0,11162.0,11598.0,10788.0,63.74,0.0393
2017-12-03,11157.0,10880.0,11842.0,10299.0,93.06,0.0254
2017-12-02,10881.0,10852.0,11187.0,10627.0,49.71,0.0011
2017-12-01,10869.0,9907.0,10949.0,9370.1,84.14,0.0971
2017-11-30,9907.0,9771.9,10540.0,8821.0,129.07,0.016200000000000003
2017-11-29,9749.4,9891.9,11427.2,9001.1,182.74,-0.015
2017-11-28,9898.0,9727.1,9977.8,9608.3,47.11,0.0174
2017-11-27,9728.8,9303.9,9760.7,9268.9,66.66,0.0443
2017-11-26,9316.0,8791.0,9495.0,8769.2,67.57,0.06269999999999999
2017-11-25,8766.2,8191.6,8770.0,8132.9,44.25,0.0701
2017-11-24,8191.6,7977.0,8350.7,7873.0,42.85,0.0269
2017-11-23,7977.1,8230.0,8267.6,7977.1,32.10,-0.030699999999999998
2017-11-22,8230.1,8097.3,8310.0,8064.3,28.86,0.016399999999999998
2017-11-21,8097.3,8245.1,8380.0,7790.0,71.85,-0.0179
2017-11-20,8245.1,8052.8,8310.2,7943.4,38.28,0.023700000000000002
2017-11-19,8054.2,7770.6,8126.9,7652.0,39.13,0.0361
2017-11-18,7773.3,7674.1,7867.0,7419.5,40.70,0.0124
2017-11-17,7677.9,7865.0,8029.8,7511.1,75.95,-0.023700000000000002
2017-11-16,7864.2,7273.7,8012.9,7099.9,85.88,0.0805
2017-11-15,7278.3,6589.9,7310.2,6589.9,71.61,0.1063
2017-11-14,6579.2,6476.5,6687.8,6315.4,49.52,0.016200000000000003
2017-11-13,6474.6,5806.5,6680.0,5786.1,110.44,0.1121
2017-11-12,5822.1,6282.4,6465.0,5426.0,172.69,-0.076
2017-11-11,6300.7,6541.2,6788.0,6166.0,72.84,-0.0369
2017-11-10,6542.2,7123.3,7313.1,6405.2,88.43,-0.08199999999999999
2017-11-09,7126.2,7447.0,7447.0,7017.6,50.14,-0.0425
2017-11-08,7442.4,7102.0,7895.0,7029.9,97.30,0.04769999999999999
2017-11-07,7103.3,6959.6,7214.4,6959.0,37.54,0.0213
2017-11-06,6955.0,7355.1,7429.5,6915.1,63.27,-0.057800000000000004
2017-11-05,7382.0,7370.9,7595.0,7272.0,46.29,0.0018
2017-11-04,7369.0,7104.0,7521.1,6936.5,48.62,0.0124
2017-11-03,7278.4,7018.9,7447.5,6926.5,64.15,0.0368
2017-11-02,7019.9,6735.0,7315.1,6724.5,97.45,0.0435
2017-11-01,6727.3,6450.2,6727.3,6348.0,57.13,0.0417
2017-10-31,6458.3,6129.9,6472.1,6082.7,38.76,0.054400000000000004
2017-10-30,6125.3,6146.0,6237.2,6010.0,33.26,-0.005
2017-10-29,6156.0,5718.1,6330.0,5662.9,61.92,0.0761
2017-10-28,5720.6,5759.8,5863.9,5634.7,26.66,-0.0068000000000000005
2017-10-27,5759.6,5890.0,6010.2,5681.2,39.71,-0.022099999999999998
2017-10-26,5890.0,5724.2,5966.6,5680.5,42.72,0.0297
2017-10-25,5720.0,5509.9,5743.9,5367.9,44.80,0.0382
2017-10-24,5509.5,5902.5,5902.5,5457.5,64.03,-0.0673
2017-10-23,5906.9,5980.5,6051.0,5639.8,67.06,-0.0123
2017-10-22,5980.5,6005.1,6069.6,5717.9,50.58,-0.0040999999999999995
2017-10-21,6005.1,5984.9,6190.0,5873.6,53.52,0.0034000000000000002
2017-10-20,5984.5,5694.0,6082.2,5606.4,61.78,0.051
2017-10-19,5694.0,5574.8,5741.0,5505.8,38.04,0.0232
2017-10-18,5565.0,5597.7,5597.9,5114.3,69.04,-0.005699999999999999
2017-10-17,5597.1,5764.8,5779.0,5511.0,31.91,-0.028999999999999998
2017-10-16,5764.4,5712.2,5803.2,5570.4,31.41,0.0115
2017-10-15,5698.6,5838.7,5876.9,5450.0,57.34,-0.023399999999999997
2017-10-14,5835.0,5636.8,5854.3,5567.3,36.81,0.0352
2017-10-13,5636.8,5440.0,5874.3,5376.0,99.15,0.0384
2017-10-12,5428.5,4824.9,5437.6,4815.1,79.26,0.1251
2017-10-11,4824.9,4777.7,4879.5,4715.0,28.92,0.01
2017-10-10,4777.0,4782.3,4940.0,4717.5,42.68,-0.0011
2017-10-09,4782.3,4612.4,4874.9,4551.3,48.93,0.036699999999999997
2017-10-08,4613.1,4435.9,4630.0,4417.6,29.86,0.039900000000000005
2017-10-07,4436.0,4370.0,4477.1,4316.1,17.41,0.0149
2017-10-06,4371.0,4312.6,4424.5,4294.0,25.94,0.0129
2017-10-05,4315.4,4215.9,4364.6,4134.9,25.36,0.023799999999999998
2017-10-04,4215.1,4310.6,4353.8,4177.7,26.37,-0.0223
2017-10-03,4311.1,4399.3,4439.9,4222.0,28.54,-0.0202
2017-10-02,4400.1,4404.3,4482.0,4359.8,29.08,-0.001
2017-10-01,4404.3,4366.6,4420.5,4257.7,29.23,0.0085
2017-09-30,4367.0,4168.1,4393.4,4160.1,31.50,0.0473
2017-09-29,4169.9,4190.0,4244.6,4024.7,38.94,-0.0048
2017-09-28,4190.0,4207.5,4268.6,4125.0,36.57,-0.0037
2017-09-27,4205.4,3881.6,4226.5,3878.1,48.62,0.08410000000000001
2017-09-26,3879.1,3930.0,3983.0,3850.9,21.41,-0.013000000000000001
2017-09-25,3930.0,3654.7,3977.0,3654.7,40.15,0.0759
2017-09-24,3652.8,3779.6,3781.3,3620.0,20.88,-0.0335
2017-09-23,3779.6,3598.7,3808.0,3559.1,25.64,0.050300000000000004
2017-09-22,3598.5,3597.3,3743.6,3493.5,49.24,-0.0014000000000000002
2017-09-21,3603.4,3875.5,3903.7,3564.4,56.98,-0.0697
2017-09-20,3873.2,3892.2,4048.0,3834.1,33.21,-0.0069
2017-09-19,3900.0,4084.4,4110.0,3836.2,47.77,-0.0451
2017-09-18,4084.1,3667.0,4113.9,3667.0,58.98,0.114
2017-09-17,3666.3,3680.1,3775.9,3476.3,37.05,-0.0052
2017-09-16,3685.4,3697.1,3874.0,3511.1,70.74,-0.0034000000000000002
2017-09-15,3698.0,3237.4,3809.0,2981.0,183.11,0.142
2017-09-14,3238.1,3850.2,3917.2,3206.2,127.51,-0.1589
2017-09-13,3849.7,4149.4,4159.6,3734.0,71.51,-0.0708
2017-09-12,4142.9,4198.9,4378.4,4055.5,40.04,-0.0143
2017-09-11,4203.0,4234.9,4373.1,4123.0,30.90,-0.0069
2017-09-10,4232.1,4315.4,4325.0,3975.8,45.87,-0.0199
2017-09-09,4317.9,4304.0,4381.2,4159.4,31.11,0.0028000000000000004
2017-09-08,4305.8,4613.5,4686.2,4107.1,60.93,-0.0667
2017-09-07,4613.5,4594.6,4672.8,4465.3,23.13,0.0053
2017-09-06,4589.1,4375.0,4631.4,4361.4,39.00,0.049
2017-09-05,4374.9,4210.6,4469.9,3900.1,57.73,0.0415
2017-09-04,4200.4,4599.2,4606.0,4056.5,59.08,-0.0859
2017-09-03,4595.0,4534.2,4699.8,4331.0,33.56,0.0134
2017-09-02,4534.4,4911.8,4969.0,4400.5,55.03,-0.0755
2017-09-01,4904.9,4718.3,4927.4,4660.7,28.71,0.039599999999999996
2017-08-31,4718.2,4567.9,4749.9,4567.9,18.47,0.0327
2017-08-30,4569.0,4586.6,4641.1,4481.1,17.07,-0.0039000000000000003
2017-08-29,4587.1,4385.1,4644.2,4336.7,32.70,0.0464
2017-08-28,4383.8,4330.7,4395.2,4175.7,21.22,0.012
2017-08-27,4331.8,4340.2,4405.7,4305.0,11.16,-0.0023
2017-08-26,4341.7,4351.5,4364.0,4243.6,14.80,-0.0023
2017-08-25,4351.5,4324.1,4461.2,4277.4,27.76,0.0060999999999999995
2017-08-24,4325.2,4135.0,4370.8,4093.0,22.04,0.0475
2017-08-23,4129.1,4086.9,4248.6,4055.9,27.49,0.013500000000000002
2017-08-22,4074.0,3998.9,4140.0,3600.0,61.72,0.0179
2017-08-21,4002.5,4066.3,4093.5,3956.4,26.61,-0.0152
2017-08-20,4064.3,4145.0,4192.0,4040.9,25.10,-0.0195
2017-08-19,4145.1,4088.2,4184.1,3920.0,41.77,0.0134
2017-08-18,4090.2,4269.7,4359.0,3957.0,46.80,-0.039900000000000005
2017-08-17,4260.0,4386.4,4489.1,4178.1,40.30,-0.0288
2017-08-16,4386.3,4160.0,4403.6,3928.1,35.29,0.0565
2017-08-15,4151.9,4321.0,4430.0,3841.9,64.13,-0.0388
2017-08-14,4319.5,4061.6,4330.3,3969.3,34.22,0.06570000000000001
2017-08-13,4053.3,3866.2,4183.7,3836.1,48.16,0.048600000000000004
2017-08-12,3865.5,3643.4,3965.4,3590.0,37.66,0.0608
2017-08-11,3644.1,3404.7,3690.6,3380.0,26.43,0.0693
2017-08-10,3407.9,3340.2,3444.4,3310.0,19.13,0.0204
2017-08-09,3339.9,3415.0,3424.4,3236.8,26.25,-0.022000000000000002
2017-08-08,3415.0,3395.0,3482.9,3343.8,31.72,0.0054
2017-08-07,3396.7,3232.5,3440.0,3190.0,24.54,0.052300000000000006
2017-08-06,3227.9,3255.0,3309.8,3156.0,16.95,-0.0088
2017-08-05,3256.4,2860.0,3331.9,2855.0,50.56,0.1386
2017-08-04,2860.0,2790.3,2874.8,2762.6,18.99,0.025
2017-08-03,2790.3,2702.0,2813.0,2698.0,16.86,0.0327
2017-08-02,2702.0,2733.8,2757.8,2640.0,23.76,-0.010700000000000001
2017-08-01,2731.2,2854.3,2901.6,2615.8,42.31,-0.0437
2017-07-31,2856.0,2748.9,2883.5,2694.8,27.56,0.038900000000000004
2017-07-30,2749.0,2713.7,2756.2,2595.0,34.97,0.0129
2017-07-29,2714.1,2784.8,2794.2,2662.6,24.25,-0.0254
2017-07-28,2784.8,2664.6,2819.9,2655.5,40.54,0.045
2017-07-27,2664.9,2527.7,2682.2,2511.0,31.36,0.055099999999999996
2017-07-26,2525.7,2560.9,2612.0,2404.6,34.18,-0.0137
2017-07-25,2560.9,2769.7,2790.1,2435.7,56.10,-0.0754
2017-07-24,2769.7,2750.1,2812.0,2707.3,20.71,0.008100000000000001
2017-07-23,2747.5,2845.7,2875.7,2656.2,35.18,-0.0345
2017-07-22,2845.7,2659.0,2912.9,2642.8,35.25,0.0682
2017-07-21,2664.0,2874.5,2874.5,2615.0,57.43,-0.0673
2017-07-20,2856.3,2253.3,2919.9,2253.3,83.44,0.2677
2017-07-19,2253.1,2302.2,2399.9,2214.2,35.81,-0.0213
2017-07-18,2302.1,2220.0,2380.2,2139.8,44.10,0.0374
2017-07-17,2219.0,1925.0,2223.3,1924.1,40.48,0.1528
2017-07-16,1924.9,1979.7,2048.8,1835.8,53.02,-0.0271
2017-07-15,1978.6,2206.5,2210.1,1975.7,41.76,-0.1027
2017-07-14,2205.1,2329.4,2345.6,2138.0,27.74,-0.053200000000000004
2017-07-13,2329.0,2375.6,2400.0,2293.8,18.42,-0.0191
2017-07-12,2374.4,2285.6,2394.0,2195.8,21.67,0.0404
2017-07-11,2282.1,2318.3,2372.8,2183.3,33.06,-0.015600000000000001
2017-07-10,2318.3,2477.9,2498.1,2240.0,28.09,-0.0644
2017-07-09,2478.0,2542.0,2555.6,2473.7,7.78,-0.0252
2017-07-08,2542.0,2479.3,2542.6,2436.8,9.69,0.0253
2017-07-07,2479.3,2593.2,2598.0,2447.0,17.68,-0.043899999999999995
2017-07-06,2593.1,2598.6,2603.3,2546.0,9.83,-0.0021
2017-07-05,2598.5,2579.9,2617.6,2482.5,13.54,0.0062
2017-07-04,2582.6,2525.9,2628.0,2512.4,15.75,0.0232
2017-07-03,2524.0,2445.1,2584.0,2416.2,16.14,0.0323
2017-07-02,2445.0,2346.2,2470.0,2302.0,12.03,0.0406
2017-07-01,2349.5,2420.6,2440.9,2291.0,15.08,-0.0294
2017-06-30,2420.7,2472.4,2511.1,2406.6,10.40,-0.02
2017-06-29,2470.1,2518.2,2537.0,2424.1,12.96,-0.0191
2017-06-28,2518.2,2521.3,2561.1,2403.2,21.83,-0.0012
2017-06-27,2521.2,2393.5,2524.0,2208.1,33.49,0.0529
2017-06-26,2394.6,2480.0,2510.4,2258.7,36.37,-0.0335
2017-06-25,2477.7,2502.6,2595.0,2369.1,18.13,-0.009899999999999999
2017-06-24,2502.6,2674.9,2700.0,2454.1,16.77,-0.0644
2017-06-23,2674.9,2672.8,2725.3,2652.8,8.14,0.0008
2017-06-22,2672.8,2624.4,2709.0,2554.8,15.18,0.0197
2017-06-21,2621.2,2715.3,2760.0,2573.3,24.54,-0.0336
2017-06-20,2712.2,2585.0,2779.6,2568.2,20.56,0.0509
2017-06-19,2580.8,2494.9,2592.7,2481.4,13.71,0.0358
2017-06-18,2491.5,2610.1,2635.0,2421.0,19.99,-0.0454
2017-06-17,2610.0,2435.5,2636.9,2368.7,16.64,0.071
2017-06-16,2437.0,2377.5,2480.0,2261.2,22.41,0.025099999999999997
2017-06-15,2377.4,2394.3,2455.0,2050.0,55.83,-0.0074
2017-06-14,2395.0,2677.1,2720.0,2284.4,34.71,-0.1051
2017-06-13,2676.4,2570.0,2730.0,2532.6,23.18,0.0407
2017-06-12,2571.8,2941.8,2961.9,2298.2,48.34,-0.1241
2017-06-11,2936.3,2806.0,3000.0,2793.8,19.03,0.0464
2017-06-10,2806.0,2809.9,2890.5,2750.8,16.17,-0.0011
2017-06-09,2809.0,2781.5,2849.8,2769.6,9.52,0.0097
2017-06-08,2782.1,2642.0,2789.3,2570.1,16.98,0.0528
2017-06-07,2642.6,2844.6,2850.0,2600.2,22.10,-0.0707
2017-06-06,2843.6,2636.9,2896.5,2620.0,42.68,0.0787
2017-06-05,2636.2,2488.2,2637.5,2480.0,15.39,0.059500000000000004
2017-06-04,2488.2,2461.6,2498.0,2376.4,11.88,0.0111
2017-06-03,2461.0,2405.9,2481.0,2348.0,10.77,0.0229
2017-06-02,2405.9,2312.0,2407.8,2271.9,12.55,0.0408
2017-06-01,2311.6,2191.8,2366.7,2187.4,18.96,0.0546
2017-05-31,2191.8,2147.3,2240.1,2002.1,21.24,0.021
2017-05-30,2146.7,2207.4,2263.1,2080.4,21.45,-0.0275
2017-05-29,2207.4,2056.9,2249.8,1990.1,16.46,0.0733
2017-05-28,2056.6,1980.0,2193.0,1955.5,25.78,0.042699999999999995
2017-05-27,1972.3,2125.9,2207.9,1810.0,47.12,-0.0729
2017-05-26,2127.3,2268.1,2477.0,2008.7,39.76,-0.0554
2017-05-25,2252.0,2392.6,2689.0,2142.1,55.10,-0.0596
2017-05-24,2394.8,2250.0,2443.8,2247.7,29.63,0.0647
2017-05-23,2249.3,2087.5,2262.9,2060.0,22.49,0.0785
2017-05-22,2085.5,2026.5,2219.9,1979.2,57.24,0.0277
2017-05-21,2029.2,2059.3,2099.1,2001.0,17.22,-0.0148
2017-05-20,2059.7,1966.5,2072.2,1963.6,21.69,0.047400000000000005
2017-05-19,1966.5,1941.5,2000.0,1925.0,23.00,0.0129
2017-05-18,1941.5,1870.0,1949.9,1861.0,12.91,0.0382
2017-05-17,1870.0,1786.2,1892.9,1766.4,15.91,0.0472
2017-05-16,1785.7,1772.0,1795.1,1728.0,9.86,0.0074
2017-05-15,1772.5,1826.8,1828.5,1720.0,15.76,-0.0304
2017-05-14,1828.1,1820.6,1852.4,1780.0,11.31,0.0042
2017-05-13,1820.4,1735.0,1824.0,1666.0,16.60,0.0492
2017-05-12,1735.0,1853.9,1864.8,1700.8,21.40,-0.0641
2017-05-11,1853.9,1796.9,1908.0,1766.6,24.39,0.0318
2017-05-10,1796.8,1759.8,1817.4,1722.3,18.62,0.0209
2017-05-09,1760.0,1703.5,1813.9,1695.1,31.21,0.0333
2017-05-08,1703.2,1619.8,1715.0,1618.9,19.91,0.051399999999999994
2017-05-07,1619.9,1597.0,1631.3,1575.1,13.91,0.0143
2017-05-06,1597.1,1545.1,1605.0,1545.0,14.02,0.0337
2017-05-05,1545.1,1607.2,1665.5,1511.7,32.64,-0.038599999999999995
2017-05-04,1607.1,1619.4,1701.9,1521.1,31.49,-0.0066
2017-05-03,1617.8,1558.5,1626.9,1542.0,17.07,0.0371
2017-05-02,1560.0,1533.0,1604.6,1479.2,16.73,0.0175
2017-05-01,1533.1,1435.0,1560.0,1432.0,22.30,0.0682
2017-04-30,1435.2,1425.4,1443.5,1403.3,8.52,0.008100000000000001
2017-04-29,1423.6,1415.6,1436.6,1401.5,8.77,0.005699999999999999
2017-04-28,1415.6,1440.3,1447.0,1368.3,14.02,-0.0171
2017-04-27,1440.3,1399.3,1449.7,1392.5,10.40,0.029300000000000003
2017-04-26,1399.3,1371.0,1411.7,1365.1,11.81,0.0212
2017-04-25,1370.3,1345.0,1378.5,1342.1,8.27,0.018799999999999997
2017-04-24,1345.0,1355.3,1359.6,1326.9,7.91,-0.0075
2017-04-23,1355.2,1346.4,1359.0,1336.0,7.75,0.005699999999999999
2017-04-22,1347.5,1327.1,1353.1,1290.1,12.37,0.0165
2017-04-21,1325.6,1308.7,1333.1,1307.5,8.00,0.0131
2017-04-20,1308.4,1260.5,1325.7,1260.1,15.62,0.038
2017-04-19,1260.5,1265.4,1272.0,1255.0,7.58,-0.0039000000000000003
2017-04-18,1265.4,1240.0,1274.8,1237.0,16.14,0.020499999999999997
2017-04-17,1240.0,1212.5,1247.0,1202.2,15.15,0.0231
2017-04-16,1212.0,1193.3,1217.6,1190.4,4.50,0.015700000000000002
2017-04-15,1193.3,1206.8,1215.0,1190.0,9.15,-0.011200000000000002
2017-04-14,1206.8,1187.0,1219.1,1184.0,12.32,0.0167
2017-04-13,1187.0,1227.4,1235.1,1163.5,19.14,-0.0329
2017-04-12,1227.4,1236.9,1239.0,1221.0,12.01,-0.0066
2017-04-11,1235.6,1220.3,1243.4,1209.1,9.56,0.0125
2017-04-10,1220.3,1215.9,1229.9,1208.1,11.55,0.0036
2017-04-09,1215.9,1188.1,1226.9,1180.2,16.31,0.023399999999999997
2017-04-08,1188.1,1196.6,1202.6,1171.3,11.02,-0.0070999999999999995
2017-04-07,1196.6,1191.5,1208.9,1176.7,20.44,0.0043
2017-04-06,1191.5,1140.3,1206.4,1140.3,32.17,0.0446
2017-04-05,1140.6,1145.8,1146.7,1112.3,22.55,-0.0038
2017-04-04,1145.0,1150.1,1161.9,1124.1,21.16,-0.0045000000000000005
2017-04-03,1150.2,1107.8,1159.9,1107.8,30.42,0.0385
2017-04-02,1107.6,1093.5,1118.2,1081.0,20.42,0.0132
2017-04-01,1093.2,1081.3,1106.9,1070.2,17.00,0.0106
2017-03-31,1081.7,1042.1,1089.4,1041.0,27.50,0.0391
2017-03-30,1041.0,1041.7,1053.5,1022.2,24.81,-0.0008
2017-03-29,1041.8,1044.7,1058.9,1009.3,22.32,-0.0028000000000000004
2017-03-28,1044.7,1042.8,1066.5,1016.8,25.25,0.0019
2017-03-27,1042.7,968.9,1046.9,960.1,31.91,0.0761
2017-03-26,969.0,971.3,1005.5,950.1,33.26,-0.0033
2017-03-25,972.2,942.1,980.0,891.0,46.01,0.0308
2017-03-24,943.1,1032.7,1034.2,928.3,43.52,-0.087
2017-03-23,1033.0,1039.4,1055.0,1018.0,19.33,-0.0059
2017-03-22,1039.1,1115.9,1116.0,986.3,41.33,-0.0681
2017-03-21,1115.0,1040.4,1120.9,1040.1,33.42,0.0731
2017-03-20,1039.0,1016.5,1052.1,1011.2,20.53,0.0225
2017-03-19,1016.1,971.9,1058.9,971.0,40.55,0.0464
2017-03-18,971.0,1067.8,1097.1,935.1,87.88,-0.09119999999999999
2017-03-17,1068.4,1169.1,1169.6,1066.0,59.21,-0.0861
2017-03-16,1169.0,1256.1,1259.7,1132.5,51.49,-0.0693
2017-03-15,1256.1,1245.0,1262.0,1241.3,15.84,0.0089
2017-03-14,1245.0,1238.5,1257.9,1218.9,17.97,0.0052
2017-03-13,1238.5,1224.4,1246.9,1207.5,23.07,0.0109
2017-03-12,1225.2,1172.4,1232.6,1167.5,18.97,0.0447
2017-03-11,1172.8,1113.5,1196.1,1107.0,31.26,0.053200000000000004
2017-03-10,1113.6,1190.4,1328.8,971.0,104.89,-0.0645
2017-03-09,1190.4,1150.0,1207.5,1136.0,24.15,0.0358
2017-03-08,1149.3,1232.4,1243.6,1142.2,46.82,-0.0674
2017-03-07,1232.4,1279.2,1281.8,1185.9,42.01,-0.036699999999999997
2017-03-06,1279.3,1278.4,1287.8,1268.6,9.60,0.0007000000000000001
