Date,Price,Open,High,Low,Change
2020-03-06,1674.52,1674.69,1692.12,1642.65,-0.0001
2020-03-05,1674.70,1636.62,1674.97,1635.68,0.0231
2020-03-04,1636.93,1645.51,1649.34,1632.15,-0.0054
2020-03-03,1645.88,1591.86,1651.65,1589.75,0.0338
2020-03-02,1592.08,1584.97,1610.86,1582.4,0.0037
2020-02-28,1586.16,1645.83,1648.36,1565.86,-0.0361
2020-02-27,1645.60,1643.26,1660.35,1635.75,0.0012
2020-02-26,1643.69,1639.76,1654.88,1625.92,0.0022
2020-02-25,1640.14,1654.33,1658.66,1629.1,-0.0084
2020-02-24,1654.01,1665.72,1689.0,1652.59,0.0064
2020-02-21,1643.46,1622.19,1649.04,1619.03,0.013000000000000001
2020-02-20,1622.30,1610.47,1623.76,1604.05,0.0074
2020-02-19,1610.44,1600.93,1612.99,1599.61,0.006
2020-02-18,1600.91,1584.38,1605.35,1584.3,0.0105
2020-02-17,1584.30,1583.03,1585.43,1578.92,0.0001
2020-02-14,1584.11,1577.3,1584.96,1573.2,0.0042
2020-02-13,1577.46,1569.82,1578.2,1569.24,0.0046
2020-02-12,1570.27,1567.07,1571.24,1562.13,0.002
2020-02-11,1567.19,1572.05,1573.99,1562.41,-0.0031
2020-02-10,1572.06,1574.91,1577.04,1568.12,0.0011
2020-02-07,1570.32,1565.89,1573.97,1562.55,0.0028000000000000004
2020-02-06,1565.89,1556.24,1568.33,1552.7,0.0062
2020-02-05,1556.22,1554.1,1562.29,1547.55,0.0013
2020-02-04,1554.20,1578.87,1579.65,1549.27,-0.015600000000000001
2020-02-03,1578.89,1589.51,1590.12,1570.27,-0.0064
2020-01-31,1589.01,1575.19,1590.55,1570.95,0.0088
2020-01-30,1575.21,1577.14,1586.01,1572.58,-0.0012
2020-01-29,1577.17,1568.58,1578.01,1563.44,0.0055000000000000005
2020-01-28,1568.58,1581.21,1583.09,1565.62,-0.008
2020-01-27,1581.19,1582.81,1586.34,1575.96,0.0062
2020-01-24,1571.45,1561.08,1575.83,1556.67,0.0067
2020-01-23,1561.03,1561.41,1567.98,1551.96,-0.0003
2020-01-22,1561.45,1556.57,1563.8,1550.28,0.0032
2020-01-21,1556.51,1561.32,1568.66,1546.49,-0.0031
2020-01-20,1561.33,1557.21,1564.26,1556.74,0.0031
2020-01-17,1556.59,1552.34,1561.3,1549.53,0.0028000000000000004
2020-01-16,1552.30,1556.46,1558.17,1548.1,-0.0023
2020-01-15,1555.95,1549.65,1558.22,1546.45,0.0040999999999999995
2020-01-14,1549.62,1545.31,1550.08,1536.03,0.0028000000000000004
2020-01-13,1545.31,1559.46,1560.07,1545.01,-0.0109
2020-01-10,1562.29,1552.7,1563.18,1545.8,0.0060999999999999995
2020-01-09,1552.74,1557.96,1561.4,1540.35,-0.0033
2020-01-08,1557.94,1595.02,1611.52,1552.34,-0.0233
2020-01-07,1595.13,1563.91,1598.43,1555.37,0.02
2020-01-06,1563.86,1569.13,1580.13,1560.91,0.0076
2020-01-03,1552.03,1529.15,1553.53,1529.05,0.0152
2020-01-02,1528.84,1518.45,1531.44,1517.9,0.0068000000000000005
2020-01-01,1518.47,1517.36,1520.34,1517.36,0.0008
2019-12-31,1517.30,1514.96,1525.32,1514.85,0.0015
2019-12-30,1514.98,1513.59,1516.19,1510.86,0.0026
2019-12-27,1511.03,1511.33,1515.39,1507.44,-0.0002
2019-12-26,1511.27,1499.58,1512.62,1497.87,0.0079
2019-12-25,1499.47,1499.85,1500.44,1497.87,-0.0001
2019-12-24,1499.56,1485.6,1500.56,1484.44,0.009399999999999999
2019-12-23,1485.53,1478.52,1486.2,1478.46,0.005
2019-12-20,1478.08,1478.56,1481.02,1475.91,-0.0003
2019-12-19,1478.52,1475.79,1481.9,1473.33,0.0018
2019-12-18,1475.84,1475.7,1479.35,1470.57,0.0001
2019-12-17,1475.68,1475.51,1480.54,1474.28,0.0002
2019-12-16,1475.42,1474.24,1479.87,1473.26,-0.0002
2019-12-13,1475.76,1465.23,1478.05,1464.89,0.0073
2019-12-12,1465.10,1474.64,1486.9,1462.06,-0.006500000000000001
2019-12-11,1474.67,1463.94,1478.56,1462.91,0.0073
2019-12-10,1463.98,1461.16,1469.21,1460.0,0.0019
2019-12-09,1461.19,1460.06,1465.38,1459.16,0.0008
2019-12-06,1460.09,1476.07,1479.63,1458.79,-0.0108
2019-12-05,1476.05,1475.57,1480.5,1473.05,0.0003
2019-12-04,1475.68,1476.62,1484.1,1471.55,-0.0007000000000000001
2019-12-03,1476.70,1462.71,1481.9,1459.9,0.0096
2019-12-02,1462.72,1461.85,1465.1,1454.0,-0.0026
2019-11-29,1466.48,1456.13,1466.59,1453.13,0.0070999999999999995
2019-11-28,1456.09,1456.88,1458.34,1454.47,-0.0003
2019-11-27,1456.50,1460.56,1461.3,1452.65,-0.0029
2019-11-26,1460.66,1453.96,1462.94,1450.18,0.0046
2019-11-25,1454.03,1460.6,1462.21,1453.72,-0.005600000000000001
2019-11-22,1462.29,1464.4,1473.15,1461.0,-0.0014000000000000002
2019-11-21,1464.40,1471.4,1475.85,1462.43,-0.004699999999999999
2019-11-20,1471.25,1472.39,1478.9,1465.66,-0.0008
2019-11-19,1472.38,1470.85,1475.5,1464.3,0.001
2019-11-18,1470.85,1467.51,1474.1,1455.97,0.0024
2019-11-15,1467.37,1471.2,1471.43,1462.05,-0.0026
2019-11-14,1471.20,1463.18,1474.48,1460.76,0.0055000000000000005
2019-11-13,1463.19,1457.19,1467.14,1455.9,0.0040999999999999995
2019-11-12,1457.19,1455.79,1460.32,1445.43,0.0009
2019-11-11,1455.90,1458.96,1466.59,1448.14,-0.0019
2019-11-08,1458.66,1468.01,1473.25,1456.05,-0.0064
2019-11-07,1468.07,1490.29,1492.32,1461.0,-0.015
2019-11-06,1490.46,1484.1,1494.3,1482.21,0.0043
2019-11-05,1484.10,1509.64,1509.9,1479.35,-0.0169
2019-11-04,1509.63,1513.8,1514.93,1504.46,-0.0029
2019-11-01,1513.95,1513.53,1515.81,1503.3,0.0004
2019-10-31,1513.36,1496.39,1514.39,1493.64,0.012
2019-10-30,1495.40,1487.6,1496.8,1481.02,0.0052
2019-10-29,1487.60,1492.64,1495.0,1483.71,-0.0034000000000000002
2019-10-28,1492.69,1504.21,1508.36,1489.65,-0.008
2019-10-25,1504.73,1504.75,1518.1,1500.55,0.0007000000000000001
2019-10-24,1503.65,1492.3,1504.21,1488.02,0.0077
2019-10-23,1492.10,1488.2,1496.24,1487.49,0.0027
2019-10-22,1488.05,1484.66,1489.17,1480.84,0.0024
2019-10-21,1484.50,1492.02,1495.31,1481.75,-0.0038
2019-10-18,1490.10,1492.32,1494.33,1484.8,-0.0012
2019-10-17,1491.89,1490.4,1497.43,1483.35,0.0014000000000000002
2019-10-16,1489.77,1481.28,1491.6,1477.05,0.0058
2019-10-15,1481.17,1493.25,1497.99,1477.46,-0.0079
2019-10-14,1492.90,1488.6,1497.1,1482.6,0.002
2019-10-11,1489.85,1494.46,1503.49,1474.3,-0.003
2019-10-10,1494.30,1505.6,1517.07,1491.4,-0.0076
2019-10-09,1505.70,1506.06,1511.6,1499.7,0.0001
2019-10-08,1505.51,1493.4,1508.56,1487.49,0.008
2019-10-07,1493.60,1504.76,1509.47,1489.94,-0.0073
2019-10-04,1504.60,1505.19,1510.94,1497.01,-0.0003
2019-10-03,1505.00,1499.55,1518.75,1495.85,0.0037
2019-10-02,1499.51,1479.19,1504.98,1474.25,0.0139
2019-10-01,1478.98,1472.3,1487.42,1458.9,0.0046
2019-09-30,1472.25,1497.08,1500.5,1464.24,-0.0165
2019-09-27,1496.94,1506.18,1507.79,1486.98,-0.0059
2019-09-26,1505.80,1503.89,1512.6,1501.74,0.0011
2019-09-25,1504.15,1531.6,1535.4,1501.41,-0.0184
2019-09-24,1532.30,1522.5,1536.1,1515.95,0.0067
2019-09-23,1522.12,1516.65,1527.05,1511.35,0.0033
2019-09-20,1517.15,1499.6,1517.21,1498.0,0.012
2019-09-19,1499.20,1493.6,1504.2,1488.8,0.0034999999999999996
2019-09-18,1493.90,1501.4,1511.25,1484.41,-0.0060999999999999995
2019-09-17,1503.10,1499.45,1507.9,1493.9,0.0029
2019-09-16,1498.80,1503.59,1512.81,1496.2,0.0068000000000000005
2019-09-13,1488.70,1498.45,1509.06,1485.51,-0.0068000000000000005
2019-09-12,1498.95,1497.45,1523.86,1488.65,0.0009
2019-09-11,1497.60,1486.45,1498.41,1484.9,0.0075
2019-09-10,1486.40,1499.6,1501.9,1484.8,-0.0084
2019-09-09,1498.95,1507.1,1515.5,1497.6,-0.0053
2019-09-06,1506.95,1519.25,1527.7,1502.75,-0.008199999999999999
2019-09-05,1519.35,1552.45,1553.25,1509.28,-0.021400000000000002
2019-09-04,1552.60,1547.05,1557.25,1533.68,0.0036
2019-09-03,1547.00,1529.6,1549.8,1521.4,0.010700000000000001
2019-09-02,1530.59,1520.05,1533.77,1519.05,0.0068000000000000005
2019-08-30,1520.25,1527.6,1533.4,1517.51,-0.0049
2019-08-29,1527.70,1539.2,1550.7,1519.4,-0.0074
2019-08-28,1539.10,1541.69,1547.1,1531.5,-0.0023
2019-08-27,1542.64,1526.25,1544.63,1524.75,0.010700000000000001
2019-08-26,1526.35,1539.25,1554.91,1524.55,-0.0003
2019-08-23,1526.85,1499.55,1530.43,1493.45,0.0187
2019-08-22,1498.80,1502.1,1504.6,1491.7,-0.0023
2019-08-21,1502.30,1507.7,1508.4,1496.1,-0.0032
2019-08-20,1507.10,1495.55,1508.39,1492.75,0.0079
2019-08-19,1495.30,1511.0,1512.9,1492.4,-0.0124
2019-08-16,1514.15,1524.0,1527.8,1504.2,-0.0059
2019-08-15,1523.20,1516.74,1526.76,1508.25,0.0045000000000000005
2019-08-14,1516.34,1501.38,1524.1,1494.25,0.01
2019-08-13,1501.39,1510.61,1534.56,1481.31,-0.0066
2019-08-12,1511.40,1497.51,1517.71,1487.68,0.0095
2019-08-09,1497.24,1501.4,1508.4,1494.62,-0.0025
2019-08-08,1500.95,1501.95,1510.35,1490.74,-0.0002
2019-08-07,1501.20,1474.25,1510.4,1472.36,0.0183
2019-08-06,1474.27,1464.2,1475.21,1456.65,0.0072
2019-08-05,1463.80,1440.6,1469.8,1436.9,0.016
2019-08-02,1440.70,1445.66,1448.05,1430.08,-0.0032
2019-08-01,1445.31,1411.21,1445.81,1400.56,0.0223
2019-07-31,1413.80,1430.91,1432.94,1411.35,-0.011899999999999999
2019-07-30,1430.85,1426.71,1433.03,1421.91,0.0027
2019-07-29,1426.94,1419.04,1428.25,1416.86,0.0058
2019-07-26,1418.69,1414.59,1424.8,1413.77,0.0029
2019-07-25,1414.53,1426.6,1433.86,1411.17,-0.008
2019-07-24,1425.90,1417.26,1429.3,1416.2,0.006
2019-07-23,1417.39,1425.15,1429.25,1414.2,-0.0054
2019-07-22,1425.12,1425.15,1429.83,1422.35,-0.0001
2019-07-19,1425.30,1446.38,1452.98,1420.29,-0.014499999999999999
2019-07-18,1446.30,1426.9,1448.3,1414.66,0.0137
2019-07-17,1426.80,1406.41,1427.0,1399.95,0.0146
2019-07-16,1406.33,1414.69,1418.43,1401.18,-0.0055000000000000005
2019-07-15,1414.08,1415.9,1419.75,1407.76,-0.0012
2019-07-12,1415.74,1403.85,1416.88,1403.06,0.0084
2019-07-11,1404.00,1419.4,1426.4,1401.6,-0.0106
2019-07-10,1419.00,1397.8,1419.2,1389.75,0.0151
2019-07-09,1397.90,1395.3,1399.9,1386.21,0.0017000000000000001
2019-07-08,1395.50,1399.95,1407.9,1391.75,-0.0032
2019-07-05,1399.95,1415.81,1424.36,1386.92,-0.0111
2019-07-04,1415.64,1419.8,1422.0,1410.59,-0.0023
2019-07-03,1418.94,1419.95,1436.39,1412.48,0.0004
2019-07-02,1418.44,1383.4,1419.72,1383.4,0.024700000000000003
2019-07-01,1384.31,1392.83,1397.56,1381.76,-0.0179
2019-06-28,1409.50,1409.56,1424.64,1406.81,-0.0001
2019-06-27,1409.68,1409.56,1412.0,1400.25,0.0007000000000000001
2019-06-26,1408.75,1423.91,1424.06,1402.38,-0.0102
2019-06-25,1423.25,1419.17,1439.03,1412.3,0.0026
2019-06-24,1419.55,1401.35,1421.3,1400.48,0.0147
2019-06-21,1399.05,1388.22,1411.18,1382.4,0.0078000000000000005
2019-06-20,1388.18,1360.36,1393.24,1357.8,0.020499999999999997
2019-06-19,1360.27,1346.56,1362.5,1341.15,0.0102
2019-06-18,1346.48,1340.09,1354.6,1338.65,0.0052
2019-06-17,1339.54,1341.91,1343.38,1332.7,-0.0015
2019-06-14,1341.58,1341.55,1358.29,1337.83,-0.0006
2019-06-13,1342.35,1334.0,1343.43,1332.27,0.0066
2019-06-12,1333.55,1326.78,1338.62,1326.18,0.005
2019-06-11,1326.91,1328.26,1330.06,1319.6,-0.0009
2019-06-10,1328.13,1335.96,1337.84,1324.9,-0.009399999999999999
2019-06-07,1340.70,1335.6,1348.48,1330.08,0.0039000000000000003
2019-06-06,1335.55,1332.36,1340.43,1327.8,0.004
2019-06-05,1330.18,1325.5,1344.26,1324.6,0.0037
2019-06-04,1325.28,1325.05,1329.38,1319.98,0.0001
2019-06-03,1325.17,1307.55,1328.3,1306.7,0.015
2019-05-31,1305.65,1288.35,1307.04,1288.09,0.013000000000000001
2019-05-30,1288.85,1279.71,1289.22,1274.79,0.0072
2019-05-29,1279.60,1279.71,1285.77,1278.87,0.0001
2019-05-28,1279.49,1285.59,1286.86,1276.07,-0.0044
2019-05-27,1285.20,1285.8,1287.72,1283.8,0.0002
2019-05-24,1284.89,1283.4,1285.42,1280.45,0.0011
2019-05-23,1283.45,1273.8,1287.63,1272.58,0.0077
2019-05-22,1273.62,1274.61,1277.42,1272.15,-0.0011
2019-05-21,1274.97,1277.95,1278.06,1269.22,-0.0022
2019-05-20,1277.74,1277.8,1279.14,1273.47,0.0001
2019-05-17,1277.55,1286.5,1289.29,1274.91,-0.0070999999999999995
2019-05-16,1286.65,1296.75,1298.92,1283.95,-0.0077
2019-05-15,1296.66,1297.17,1301.02,1292.7,-0.0003
2019-05-14,1297.03,1300.11,1303.51,1293.33,-0.0022
2019-05-13,1299.90,1286.56,1301.35,1281.6,0.0108
2019-05-10,1286.00,1284.36,1289.73,1283.21,0.0014000000000000002
2019-05-09,1284.14,1280.49,1288.52,1279.41,0.0025
2019-05-08,1280.93,1284.16,1291.79,1279.35,-0.0033
2019-05-07,1285.15,1281.55,1286.74,1278.5,0.0038
2019-05-06,1280.33,1281.06,1285.76,1276.6,0.0009
2019-05-03,1279.19,1270.61,1282.67,1268.81,0.0068000000000000005
2019-05-02,1270.54,1276.81,1278.18,1266.1,-0.0048
2019-05-01,1276.61,1283.46,1287.21,1272.99,-0.0054
2019-04-30,1283.60,1279.98,1286.39,1279.54,0.003
2019-04-29,1279.80,1286.4,1286.81,1277.78,-0.005
2019-04-26,1286.25,1277.42,1288.99,1276.05,0.006999999999999999
2019-04-25,1277.35,1275.6,1282.78,1273.5,0.0016
2019-04-24,1275.36,1272.31,1278.74,1268.55,0.0023
2019-04-23,1272.40,1275.26,1276.66,1266.15,-0.002
2019-04-22,1274.92,1275.83,1279.96,1273.45,-0.0004
2019-04-18,1275.39,1273.38,1277.95,1271.02,0.001
2019-04-17,1274.14,1276.86,1280.06,1272.93,-0.0019
2019-04-16,1276.57,1287.91,1289.0,1273.1,-0.0088
2019-04-15,1287.88,1290.45,1292.01,1282.21,-0.002
2019-04-12,1290.40,1292.3,1296.05,1290.11,-0.0017000000000000001
2019-04-11,1292.60,1307.95,1309.36,1289.45,-0.0118
2019-04-10,1308.05,1303.96,1310.75,1300.89,0.003
2019-04-09,1304.13,1297.24,1306.34,1296.55,0.0052
2019-04-08,1297.41,1291.65,1303.86,1291.35,0.0044
2019-04-05,1291.70,1292.46,1293.77,1284.46,-0.0005
2019-04-04,1292.38,1289.95,1294.36,1280.84,0.0019
2019-04-03,1289.90,1292.21,1294.67,1288.2,-0.0025
2019-04-02,1293.15,1287.55,1293.15,1285.16,0.0043
2019-04-01,1287.66,1291.33,1297.04,1286.5,-0.0034999999999999996
2019-03-29,1292.15,1290.14,1299.82,1286.6,0.0012
2019-03-28,1290.55,1309.85,1312.63,1288.7,-0.0147
2019-03-27,1309.87,1315.81,1319.57,1308.07,-0.0043
2019-03-26,1315.51,1321.51,1323.24,1312.51,-0.0048
2019-03-25,1321.90,1313.05,1324.43,1310.8,0.006500000000000001
2019-03-22,1313.38,1309.14,1315.08,1306.81,0.003
2019-03-21,1309.45,1312.64,1320.47,1303.25,-0.0023
2019-03-20,1312.48,1305.61,1316.83,1298.5,0.0045000000000000005
2019-03-19,1306.55,1303.45,1311.07,1302.45,0.0022
2019-03-18,1303.70,1301.64,1306.78,1298.12,0.0018
2019-03-15,1301.38,1295.74,1306.58,1293.66,0.0039000000000000003
2019-03-14,1296.28,1309.61,1310.46,1292.75,-0.009899999999999999
2019-03-13,1309.28,1302.01,1311.33,1300.56,0.005600000000000001
2019-03-12,1302.01,1293.71,1302.19,1292.06,0.006
2019-03-11,1294.25,1298.7,1299.27,1290.15,-0.0032
2019-03-08,1298.39,1285.91,1300.99,1285.29,0.0098
2019-03-07,1285.74,1286.71,1289.06,1281.16,-0.0008
2019-03-06,1286.76,1287.62,1291.07,1283.45,-0.0005
2019-03-05,1287.43,1286.67,1289.75,1280.95,0.0006
2019-03-04,1286.66,1293.62,1297.11,1282.75,-0.0053
2019-03-01,1293.56,1312.81,1315.33,1290.16,-0.0148
2019-02-28,1313.05,1320.18,1327.42,1312.54,-0.0052
2019-02-27,1319.88,1328.91,1329.63,1316.51,-0.0068000000000000005
2019-02-26,1328.96,1327.44,1330.59,1323.61,0.0014000000000000002
2019-02-25,1327.12,1328.57,1332.59,1325.03,-0.0005
2019-02-22,1327.80,1323.52,1333.17,1321.16,0.0033
2019-02-21,1323.49,1338.89,1341.88,1322.24,-0.011200000000000002
2019-02-20,1338.49,1341.25,1346.81,1336.63,-0.002
2019-02-19,1341.16,1325.9,1341.87,1322.33,0.010700000000000001
2019-02-18,1326.90,1321.95,1328.39,1321.11,0.0042
2019-02-15,1321.41,1312.98,1322.98,1311.16,0.0068000000000000005
2019-02-14,1312.55,1306.16,1314.43,1302.63,0.0049
2019-02-13,1306.19,1310.88,1318.19,1304.5,-0.0036
2019-02-12,1310.89,1308.55,1315.12,1306.64,0.002
2019-02-11,1308.33,1314.22,1314.88,1303.58,-0.0044
2019-02-08,1314.07,1310.14,1315.72,1307.23,0.003
2019-02-07,1310.09,1305.87,1311.99,1302.17,0.003
2019-02-06,1306.22,1315.03,1315.88,1305.38,-0.0067
2019-02-05,1315.01,1311.75,1316.86,1310.3,0.0025
2019-02-04,1311.75,1317.55,1318.8,1308.26,-0.004699999999999999
2019-02-01,1318.00,1320.95,1323.58,1315.66,-0.0022
2019-01-31,1320.94,1320.18,1326.68,1317.55,0.0008
2019-01-30,1319.91,1312.27,1323.74,1308.81,0.0060999999999999995
2019-01-29,1311.93,1303.53,1312.05,1302.12,0.0064
2019-01-28,1303.53,1303.49,1304.49,1297.26,0.0002
2019-01-25,1303.22,1280.94,1303.69,1279.39,0.0174
2019-01-24,1280.94,1282.74,1285.15,1276.97,-0.0011
2019-01-23,1282.39,1285.34,1286.92,1278.38,-0.0021
2019-01-22,1285.04,1279.73,1285.84,1277.25,0.0037
2019-01-21,1280.28,1281.75,1284.29,1277.06,-0.0009
2019-01-18,1281.49,1292.18,1292.86,1280.64,-0.008100000000000001
2019-01-17,1291.90,1293.99,1295.84,1288.96,-0.0013
2019-01-16,1293.52,1289.13,1295.02,1287.59,0.0033
2019-01-15,1289.31,1291.76,1294.7,1286.37,-0.0019
2019-01-14,1291.73,1287.16,1295.9,1287.16,0.0029
2019-01-11,1288.00,1286.72,1295.65,1286.25,0.0013
2019-01-10,1286.38,1293.11,1297.14,1285.81,-0.0052
2019-01-09,1293.13,1285.36,1293.95,1279.63,0.0060999999999999995
2019-01-08,1285.35,1289.13,1290.69,1279.2,-0.0026
2019-01-07,1288.67,1285.78,1295.14,1282.29,0.0029
2019-01-04,1284.92,1294.06,1298.51,1276.49,-0.006999999999999999
2019-01-03,1293.99,1285.12,1295.27,1284.16,0.0072
2019-01-02,1284.77,1281.62,1288.69,1278.33,0.0017000000000000001
2019-01-01,1282.62,1283.13,1283.24,1282.62,-0.0002
2018-12-31,1282.82,1280.08,1284.18,1277.09,0.0016
2018-12-28,1280.75,1275.22,1282.17,1273.98,0.0043
2018-12-27,1275.22,1266.89,1279.04,1266.09,0.006500000000000001
2018-12-26,1266.98,1270.33,1279.14,1264.34,-0.0017000000000000001
2018-12-24,1269.13,1259.09,1270.13,1258.34,0.0104
2018-12-21,1256.01,1260.1,1262.84,1253.37,-0.0033
2018-12-20,1260.14,1243.7,1266.79,1242.89,0.013500000000000002
2018-12-19,1243.39,1249.67,1258.41,1241.54,-0.0048
2018-12-18,1249.38,1246.01,1250.36,1244.44,0.0028000000000000004
2018-12-17,1245.91,1237.25,1248.18,1235.47,0.0062
2018-12-14,1238.21,1242.41,1243.11,1232.48,-0.0034000000000000002
2018-12-13,1242.46,1246.02,1247.13,1240.23,-0.0027
2018-12-12,1245.80,1243.25,1247.56,1241.95,0.0023
2018-12-11,1242.94,1244.53,1249.62,1240.55,-0.0013
2018-12-10,1244.59,1250.43,1250.62,1241.21,-0.0028000000000000004
2018-12-07,1248.10,1238.32,1250.42,1237.49,0.008199999999999999
2018-12-06,1237.99,1237.87,1244.7,1234.64,0.0003
2018-12-05,1237.56,1238.54,1239.35,1232.96,-0.0008
2018-12-04,1238.55,1231.35,1242.24,1230.41,0.0060999999999999995
2018-12-03,1231.08,1223.12,1234.94,1221.09,0.0075
2018-11-30,1221.97,1223.97,1225.65,1216.24,-0.0017000000000000001
2018-11-29,1223.99,1221.43,1229.35,1220.49,0.0024
2018-11-28,1221.11,1214.64,1226.32,1210.73,0.0053
2018-11-27,1214.69,1222.65,1225.6,1211.74,-0.0063
2018-11-26,1222.37,1224.0,1228.13,1221.14,-0.0007000000000000001
2018-11-23,1223.19,1227.33,1229.27,1220.53,-0.0034999999999999996
2018-11-22,1227.45,1226.69,1229.8,1225.3,0.0012
2018-11-21,1226.02,1221.55,1230.15,1219.23,0.0037
2018-11-20,1221.55,1224.37,1229.17,1219.67,-0.002
2018-11-19,1224.05,1221.76,1225.26,1217.52,0.0021
2018-11-16,1221.47,1213.02,1225.37,1212.48,0.006999999999999999
2018-11-15,1213.00,1210.87,1216.36,1207.56,0.0017000000000000001
2018-11-14,1210.91,1202.26,1216.33,1197.12,0.0070999999999999995
2018-11-13,1202.35,1200.96,1205.57,1196.29,0.0014000000000000002
2018-11-12,1200.65,1209.46,1211.45,1200.18,-0.0074
2018-11-09,1209.60,1223.88,1223.97,1206.52,-0.011399999999999999
2018-11-08,1223.54,1225.99,1227.05,1219.63,-0.0021
2018-11-07,1226.11,1227.24,1236.23,1223.31,-0.0006
2018-11-06,1226.80,1231.66,1236.31,1223.41,-0.0037
2018-11-05,1231.30,1233.36,1235.46,1226.88,-0.0013
2018-11-02,1232.89,1234.04,1236.79,1229.85,-0.0003
2018-11-01,1233.24,1215.2,1237.83,1214.84,0.0154
2018-10-31,1214.54,1223.0,1223.7,1211.92,-0.0073
2018-10-30,1223.44,1230.17,1231.45,1220.22,-0.0051
2018-10-29,1229.74,1234.16,1235.79,1224.45,-0.0031
2018-10-26,1233.59,1232.24,1243.73,1229.8,0.0011
2018-10-25,1232.23,1234.59,1239.85,1228.08,-0.0016
2018-10-24,1234.22,1231.06,1234.27,1225.74,0.003
2018-10-23,1230.49,1222.32,1240.0,1221.72,0.0068000000000000005
2018-10-22,1222.17,1228.61,1230.18,1220.3,-0.0034000000000000002
2018-10-19,1226.32,1225.66,1231.07,1223.03,0.0005
2018-10-18,1225.75,1222.35,1230.85,1218.78,0.0025
2018-10-17,1222.68,1224.08,1229.9,1220.32,-0.0014000000000000002
2018-10-16,1224.43,1227.12,1232.77,1223.35,-0.002
2018-10-15,1226.93,1217.45,1233.65,1217.4,0.0074
2018-10-12,1217.93,1224.17,1224.45,1215.61,-0.0052
2018-10-11,1224.33,1195.01,1226.87,1191.3,0.024700000000000003
2018-10-10,1194.78,1189.59,1195.19,1185.22,0.0043
2018-10-09,1189.62,1189.01,1192.23,1183.49,0.0014000000000000002
2018-10-08,1188.01,1203.14,1204.49,1183.58,-0.0123
2018-10-05,1202.86,1199.41,1206.18,1197.0,0.0027
2018-10-04,1199.66,1197.35,1207.11,1195.76,0.0019
2018-10-03,1197.37,1203.39,1208.77,1196.71,-0.0048
2018-10-02,1203.10,1189.2,1208.65,1188.57,0.0123
2018-10-01,1188.47,1192.55,1192.95,1184.95,-0.003
2018-09-28,1192.09,1183.21,1194.0,1180.74,0.0079
2018-09-27,1182.80,1194.8,1198.94,1181.98,-0.0098
2018-09-26,1194.46,1201.23,1202.84,1190.53,-0.005699999999999999
2018-09-25,1201.31,1198.84,1203.71,1197.21,0.002
2018-09-24,1198.86,1198.56,1204.48,1194.23,-0.0006
2018-09-21,1199.55,1207.52,1211.47,1191.97,-0.0066
2018-09-20,1207.58,1204.16,1209.14,1201.47,0.003
2018-09-19,1203.99,1197.84,1206.53,1197.81,0.004699999999999999
2018-09-18,1198.35,1202.14,1204.28,1196.21,-0.0021
2018-09-17,1200.93,1193.18,1205.2,1192.97,0.006
2018-09-14,1193.71,1201.76,1208.98,1193.13,-0.0064
2018-09-13,1201.44,1207.3,1213.39,1200.37,-0.0039000000000000003
2018-09-12,1206.19,1198.93,1209.22,1192.9,0.0066
2018-09-11,1198.29,1195.73,1200.12,1187.95,0.002
2018-09-10,1195.88,1195.12,1198.92,1191.52,0.0
2018-09-07,1195.86,1200.03,1204.03,1193.28,-0.0036
2018-09-06,1200.14,1197.19,1207.36,1195.59,0.0028000000000000004
2018-09-05,1196.75,1191.18,1198.82,1191.1,0.0045000000000000005
2018-09-04,1191.35,1201.29,1202.31,1189.55,-0.008199999999999999
2018-09-03,1201.15,1200.59,1204.59,1196.11,0.0001
2018-08-31,1201.09,1200.34,1209.17,1198.43,0.001
2018-08-30,1199.88,1206.32,1208.18,1196.32,-0.005600000000000001
2018-08-29,1206.66,1201.28,1207.73,1200.9,0.0045000000000000005
2018-08-28,1201.26,1211.45,1214.68,1199.41,-0.0083
2018-08-27,1211.35,1206.92,1212.75,1202.84,0.0045000000000000005
2018-08-24,1205.97,1185.32,1208.87,1183.32,0.0174
2018-08-23,1185.31,1195.83,1197.0,1183.67,-0.0085
2018-08-22,1195.51,1196.68,1201.91,1192.45,-0.0005
2018-08-21,1196.12,1190.59,1197.38,1187.5,0.004699999999999999
2018-08-20,1190.53,1183.71,1191.21,1182.63,0.0049
2018-08-17,1184.77,1173.72,1185.42,1172.03,0.009000000000000001
2018-08-16,1174.16,1175.73,1182.59,1160.56,-0.0006
2018-08-15,1174.88,1194.5,1195.22,1173.33,-0.016
2018-08-14,1194.03,1194.17,1199.04,1192.14,0.0003
2018-08-13,1193.64,1211.26,1214.23,1191.75,-0.0146
2018-08-10,1211.30,1212.56,1217.48,1205.85,-0.0009
2018-08-09,1212.35,1213.89,1217.65,1210.72,-0.001
2018-08-08,1213.61,1210.7,1216.26,1206.29,0.0021
2018-08-07,1211.02,1207.67,1216.54,1207.67,0.0034000000000000002
2018-08-06,1206.94,1214.1,1218.69,1206.93,-0.0053
2018-08-03,1213.43,1208.01,1220.41,1204.4,0.0045000000000000005
2018-08-02,1207.96,1215.25,1221.42,1207.2,-0.0067
2018-08-01,1216.05,1224.0,1225.36,1215.76,-0.0064
2018-07-31,1223.83,1221.73,1228.74,1214.82,0.0017000000000000001
2018-07-30,1221.80,1223.05,1225.59,1219.05,-0.0013
2018-07-27,1223.38,1222.88,1227.64,1217.34,0.0006
2018-07-26,1222.67,1231.31,1235.57,1222.17,-0.0073
2018-07-25,1231.61,1224.31,1234.64,1223.1,0.0058
2018-07-24,1224.55,1225.06,1229.83,1218.25,0.0
2018-07-23,1224.54,1231.28,1235.49,1222.08,-0.0059
2018-07-20,1231.76,1223.49,1232.68,1215.84,0.0073
2018-07-19,1222.80,1227.42,1229.27,1211.48,-0.0036
2018-07-18,1227.18,1227.73,1229.92,1221.56,-0.0003
2018-07-17,1227.51,1240.83,1245.35,1225.97,-0.010700000000000001
2018-07-16,1240.82,1241.76,1246.29,1238.49,-0.0006
2018-07-13,1241.52,1247.51,1248.54,1237.1,-0.0045000000000000005
2018-07-12,1247.14,1242.06,1248.94,1241.38,0.004
2018-07-11,1242.16,1255.81,1257.27,1241.29,-0.010700000000000001
2018-07-10,1255.65,1257.69,1260.7,1247.23,-0.0017000000000000001
2018-07-09,1257.76,1255.12,1266.26,1255.12,0.0022
2018-07-06,1254.99,1257.97,1259.53,1252.93,-0.0022
2018-07-05,1257.76,1256.9,1260.17,1251.08,0.0006
2018-07-04,1256.95,1252.42,1261.85,1252.16,0.0032
2018-07-03,1252.93,1242.21,1257.41,1237.81,0.0088
2018-07-02,1241.97,1253.5,1254.61,1239.59,-0.0088
2018-06-29,1253.00,1247.74,1256.38,1246.51,0.0038
2018-06-28,1248.28,1251.91,1254.65,1245.71,-0.003
2018-06-27,1252.02,1258.21,1260.52,1250.7,-0.0055000000000000005
2018-06-26,1258.99,1265.72,1268.03,1254.51,-0.0055000000000000005
2018-06-25,1266.00,1272.66,1273.54,1264.8,-0.0026
2018-06-22,1269.28,1267.7,1271.79,1266.9,0.0016
2018-06-21,1267.20,1268.58,1270.49,1261.22,-0.0007000000000000001
2018-06-20,1268.10,1274.75,1276.64,1267.8,-0.0052
2018-06-19,1274.76,1278.41,1284.46,1270.39,-0.0028000000000000004
2018-06-18,1278.31,1279.16,1282.02,1277.08,-0.0012
2018-06-15,1279.84,1302.15,1303.92,1275.85,-0.0172
2018-06-14,1302.22,1299.85,1309.69,1297.34,0.0019
2018-06-13,1299.71,1295.47,1301.53,1292.55,0.0029
2018-06-12,1295.97,1300.09,1300.88,1293.0,-0.0032
2018-06-11,1300.14,1299.17,1302.57,1294.13,0.0011
2018-06-08,1298.75,1297.32,1301.27,1294.2,0.0013
2018-06-07,1297.12,1296.41,1303.48,1295.08,0.0001
2018-06-06,1297.00,1297.15,1302.85,1294.63,0.0007000000000000001
2018-06-05,1296.13,1292.34,1300.94,1289.79,0.0032
2018-06-04,1291.98,1293.16,1298.47,1290.27,-0.0009
2018-06-01,1293.14,1298.98,1300.72,1289.52,-0.004
2018-05-31,1298.32,1301.51,1306.86,1297.9,-0.0024
2018-05-30,1301.48,1299.02,1304.7,1295.75,0.002
2018-05-29,1298.86,1298.68,1307.14,1294.3,0.0006
2018-05-28,1298.11,1298.74,1300.47,1295.62,-0.0027
2018-05-25,1301.61,1304.44,1308.24,1300.05,-0.0025
2018-05-24,1304.88,1294.06,1306.97,1292.91,0.0086
2018-05-23,1293.75,1291.5,1298.59,1288.61,0.0019
2018-05-22,1291.32,1292.85,1296.44,1287.8,-0.0011
2018-05-21,1292.68,1290.9,1293.53,1282.15,0.0001
2018-05-18,1292.50,1291.35,1295.26,1286.81,0.0012
2018-05-17,1291.00,1291.13,1295.29,1286.41,-0.0
2018-05-16,1291.03,1290.32,1297.67,1287.01,0.0003
2018-05-15,1290.64,1313.09,1315.24,1288.71,-0.0169
2018-05-14,1312.82,1318.56,1322.76,1312.82,-0.0040999999999999995
2018-05-11,1318.22,1321.57,1326.49,1317.94,-0.0024
2018-05-10,1321.39,1312.12,1323.14,1310.89,0.0066
2018-05-09,1312.78,1314.46,1317.78,1304.48,-0.0013
2018-05-08,1314.47,1313.57,1318.08,1306.2,0.0001
2018-05-07,1314.30,1315.03,1319.22,1310.29,-0.0006
2018-05-04,1315.05,1312.3,1315.61,1308.41,0.0023
2018-05-03,1312.09,1305.18,1318.91,1305.02,0.0055000000000000005
2018-05-02,1304.85,1304.38,1313.8,1303.94,0.0007000000000000001
2018-05-01,1303.97,1315.58,1316.69,1301.88,-0.0087
2018-04-30,1315.36,1322.81,1325.34,1310.51,-0.005600000000000001
2018-04-27,1322.80,1317.57,1326.11,1316.26,0.0042
2018-04-26,1317.28,1322.39,1326.96,1315.45,-0.0046
2018-04-25,1323.33,1330.12,1332.4,1318.9,-0.0055000000000000005
2018-04-24,1330.68,1324.71,1333.04,1322.6,0.0043
2018-04-23,1325.00,1335.81,1336.38,1322.81,-0.0076
2018-04-20,1335.12,1346.06,1346.56,1335.07,-0.0078000000000000005
2018-04-19,1345.60,1349.33,1355.12,1341.23,-0.0028000000000000004
2018-04-18,1349.32,1347.5,1356.14,1342.1,0.0015
2018-04-17,1347.29,1345.65,1349.8,1337.73,0.001
2018-04-16,1345.91,1344.58,1350.89,1340.17,0.0003
2018-04-13,1345.46,1335.2,1347.5,1335.2,0.0075
2018-04-12,1335.48,1352.7,1353.6,1333.96,-0.0132
2018-04-11,1353.29,1339.94,1365.61,1339.68,0.009899999999999999
2018-04-10,1340.05,1336.87,1343.55,1331.81,0.0029
2018-04-09,1336.24,1333.14,1338.36,1326.98,0.0023
2018-04-06,1333.20,1326.38,1335.59,1321.47,0.005
2018-04-05,1326.55,1333.02,1335.29,1322.8,-0.0051
2018-04-04,1333.35,1332.82,1348.45,1331.59,0.0004
2018-04-03,1332.83,1340.69,1342.87,1329.18,-0.0064
2018-04-02,1341.35,1326.2,1345.26,1324.9,0.0123
2018-03-29,1325.00,1325.41,1329.32,1322.21,0.0
2018-03-28,1324.99,1345.74,1347.39,1323.59,-0.0147
2018-03-27,1344.71,1353.51,1357.06,1340.16,-0.006500000000000001
2018-03-26,1353.46,1347.91,1356.37,1343.55,0.0046
2018-03-23,1347.22,1329.17,1350.66,1329.17,0.0137
2018-03-22,1328.95,1332.15,1335.23,1324.88,-0.0024
2018-03-21,1332.17,1311.28,1336.96,1309.98,0.016
2018-03-20,1311.21,1317.0,1318.66,1307.31,-0.0044
2018-03-19,1316.94,1313.94,1320.07,1307.89,0.0022
2018-03-16,1314.00,1317.11,1322.67,1310.31,-0.0017000000000000001
2018-03-15,1316.26,1324.39,1328.16,1315.05,-0.0066
2018-03-14,1325.00,1326.42,1330.42,1321.91,-0.001
2018-03-13,1326.39,1322.81,1328.66,1316.79,0.0025
2018-03-12,1323.05,1323.69,1324.67,1315.39,-0.0005
2018-03-09,1323.70,1322.32,1325.15,1313.05,0.001
2018-03-08,1322.35,1325.84,1329.39,1319.19,-0.0024
2018-03-07,1325.54,1334.5,1340.47,1321.95,-0.0067
2018-03-06,1334.46,1320.36,1338.89,1319.91,0.0109
2018-03-05,1320.01,1323.75,1327.92,1317.26,-0.0017000000000000001
2018-03-02,1322.20,1316.51,1325.51,1314.93,0.0043
2018-03-01,1316.55,1318.53,1321.3,1302.99,-0.0011
2018-02-28,1318.05,1318.53,1322.82,1315.8,-0.0001
2018-02-27,1318.20,1333.13,1336.74,1313.32,-0.011200000000000002
2018-02-26,1333.16,1327.56,1340.91,1326.42,0.0032
2018-02-23,1328.94,1331.8,1332.23,1325.58,-0.0019
2018-02-22,1331.51,1323.93,1332.2,1320.69,0.0055000000000000005
2018-02-21,1324.26,1329.82,1336.58,1322.6,-0.0039000000000000003
2018-02-20,1329.49,1346.74,1348.21,1328.22,-0.0128
2018-02-19,1346.69,1347.5,1351.35,1345.99,-0.0009
2018-02-16,1347.86,1353.29,1361.84,1344.78,-0.004
2018-02-15,1353.30,1350.78,1357.18,1348.41,0.0019
2018-02-14,1350.76,1329.53,1355.57,1319.42,0.016
2018-02-13,1329.55,1322.29,1330.96,1321.39,0.005
2018-02-12,1322.88,1315.04,1326.2,1314.11,0.004699999999999999
2018-02-09,1316.69,1318.87,1322.71,1311.06,-0.0017000000000000001
2018-02-08,1318.97,1318.61,1322.17,1306.9,0.0004
2018-02-07,1318.49,1325.16,1332.49,1312.05,-0.0049
2018-02-06,1325.02,1339.68,1346.08,1320.04,-0.0109
2018-02-05,1339.60,1332.32,1341.7,1328.88,0.005
2018-02-02,1332.98,1349.16,1350.12,1327.21,-0.012
2018-02-01,1349.19,1345.4,1351.42,1337.3,0.003
2018-01-31,1345.10,1338.87,1347.93,1332.7,0.0049
2018-01-30,1338.55,1340.67,1349.12,1334.48,-0.0013
2018-01-29,1340.35,1350.07,1352.65,1337.74,-0.0073
2018-01-26,1350.14,1348.36,1357.39,1344.38,0.0016
2018-01-25,1348.05,1358.48,1366.47,1343.1,-0.0074
2018-01-24,1358.15,1341.45,1361.88,1339.27,0.0125
2018-01-23,1341.39,1334.45,1342.22,1331.54,0.0055000000000000005
2018-01-22,1334.11,1334.88,1336.04,1328.71,0.0017000000000000001
2018-01-19,1331.80,1327.49,1338.37,1326.46,0.0034999999999999996
2018-01-18,1327.19,1327.75,1333.14,1323.79,-0.0004
2018-01-17,1327.73,1338.29,1343.99,1326.73,-0.008100000000000001
2018-01-16,1338.61,1340.06,1342.35,1331.73,-0.0012
2018-01-15,1340.16,1337.05,1344.93,1336.14,0.0013
2018-01-12,1338.40,1322.82,1339.4,1321.16,0.0121
2018-01-11,1322.42,1316.89,1323.98,1315.49,0.004
2018-01-10,1317.19,1313.28,1326.94,1308.29,0.0034999999999999996
2018-01-09,1312.66,1320.63,1320.68,1308.8,-0.006
2018-01-08,1320.58,1320.04,1322.22,1314.97,0.0003
2018-01-05,1320.21,1323.5,1323.83,1313.81,-0.0021
2018-01-04,1322.97,1312.53,1325.92,1305.67,0.0077
2018-01-03,1312.84,1318.16,1321.4,1307.16,-0.004
2018-01-02,1318.14,1302.55,1318.98,1302.51,0.0086
2018-01-01,1306.86,1303.43,1307.72,1302.43,0.0033
2017-12-29,1302.55,1294.85,1307.69,1293.59,0.006
2017-12-28,1294.84,1287.31,1295.3,1286.66,0.0058
2017-12-27,1287.41,1283.64,1289.4,1281.46,0.0032
2017-12-26,1283.29,1274.91,1283.77,1273.25,0.0063
2017-12-25,1275.24,1275.24,1275.24,1275.24,0.0002
2017-12-22,1275.01,1267.12,1276.38,1265.1,0.006500000000000001
2017-12-21,1266.76,1265.62,1268.97,1263.02,0.0009
2017-12-20,1265.62,1261.69,1267.84,1261.23,0.0031
2017-12-19,1261.72,1261.7,1265.26,1258.97,0.0
2017-12-18,1261.69,1253.79,1264.37,1252.68,0.0051
2017-12-15,1255.26,1252.83,1261.89,1251.94,0.0019
2017-12-14,1252.85,1255.54,1259.18,1249.92,-0.0021
2017-12-13,1255.45,1243.88,1256.95,1240.06,0.009300000000000001
2017-12-12,1243.85,1242.25,1246.62,1236.31,0.0015
2017-12-11,1241.96,1247.28,1251.67,1240.19,-0.005
2017-12-08,1248.14,1247.34,1252.66,1244.34,0.0012
2017-12-07,1246.70,1264.26,1264.82,1244.11,-0.013600000000000001
2017-12-06,1263.94,1266.62,1269.32,1262.39,-0.0021
2017-12-05,1266.55,1276.54,1277.41,1261.11,-0.0076
2017-12-04,1276.23,1272.93,1277.24,1271.8,-0.0031
2017-12-01,1280.26,1274.29,1289.58,1271.58,0.0043
2017-11-30,1274.76,1283.88,1285.7,1270.51,-0.0069
2017-11-29,1283.57,1293.9,1296.75,1281.98,-0.008100000000000001
2017-11-28,1294.01,1294.85,1297.74,1291.01,-0.0004
2017-11-27,1294.50,1288.57,1299.2,1286.47,0.0049
2017-11-24,1288.22,1291.51,1293.61,1286.15,-0.0023
2017-11-23,1291.25,1292.4,1293.46,1287.46,-0.0007000000000000001
2017-11-22,1292.12,1280.38,1294.75,1278.77,0.0091
2017-11-21,1280.48,1276.7,1284.87,1276.08,0.003
2017-11-20,1276.70,1292.68,1294.8,1274.92,-0.0137
2017-11-17,1294.37,1278.44,1297.04,1277.94,0.0124
2017-11-16,1278.47,1278.47,1281.6,1274.98,-0.0003
2017-11-15,1278.80,1281.0,1289.47,1277.04,-0.0015
2017-11-14,1280.71,1278.17,1283.68,1270.64,0.0021
2017-11-13,1277.99,1275.16,1280.22,1274.29,0.0014000000000000002
2017-11-10,1276.14,1285.21,1287.16,1273.33,-0.0070999999999999995
2017-11-09,1285.30,1281.62,1288.72,1280.09,0.0031
2017-11-08,1281.30,1275.85,1287.52,1275.23,0.0045000000000000005
2017-11-07,1275.53,1281.82,1281.97,1271.68,-0.004699999999999999
2017-11-06,1281.55,1269.49,1283.01,1266.05,0.0092
2017-11-03,1269.85,1276.8,1279.74,1265.55,-0.0048
2017-11-02,1275.99,1274.91,1284.49,1273.64,0.0013
2017-11-01,1274.39,1270.88,1281.25,1267.98,0.0022
2017-10-31,1271.58,1276.29,1278.36,1268.01,-0.0037
2017-10-30,1276.24,1273.59,1279.29,1268.8,0.0023
2017-10-27,1273.35,1268.07,1274.8,1264.1,0.0049
2017-10-26,1267.11,1277.56,1282.8,1265.69,-0.008100000000000001
2017-10-25,1277.41,1276.85,1280.39,1271.03,0.0005
2017-10-24,1276.72,1282.01,1284.06,1273.43,-0.0042
2017-10-23,1282.07,1277.45,1283.66,1272.24,0.0011
2017-10-20,1280.72,1289.57,1291.47,1277.88,-0.006999999999999999
2017-10-19,1289.79,1281.25,1290.69,1276.61,0.0067
2017-10-18,1281.17,1285.18,1289.08,1277.13,-0.0031
2017-10-17,1285.19,1295.32,1296.66,1281.69,-0.0074
2017-10-16,1294.74,1303.88,1306.8,1291.01,-0.0078000000000000005
2017-10-13,1304.88,1293.73,1304.88,1291.04,0.0087
2017-10-12,1293.60,1292.01,1297.6,1289.47,0.0014000000000000002
2017-10-11,1291.80,1287.91,1293.56,1284.12,0.0031
2017-10-10,1287.85,1284.35,1294.63,1282.29,0.0029
2017-10-09,1284.10,1275.45,1285.5,1275.21,0.0063
2017-10-06,1276.03,1269.09,1277.18,1260.89,0.0063
2017-10-05,1268.05,1275.16,1279.42,1266.9,-0.0052
2017-10-04,1274.69,1271.64,1282.42,1270.85,0.0023
2017-10-03,1271.75,1270.71,1274.71,1267.91,0.0005
2017-10-02,1271.12,1279.5,1279.61,1270.45,-0.006500000000000001
2017-09-29,1279.45,1286.91,1290.47,1278.24,-0.0060999999999999995
2017-09-28,1287.30,1281.11,1289.0,1277.64,0.0048
2017-09-27,1281.12,1293.61,1296.54,1281.12,-0.009899999999999999
2017-09-26,1293.89,1309.9,1313.92,1293.04,-0.0127
2017-09-25,1310.55,1297.67,1311.9,1290.63,0.0102
2017-09-22,1297.38,1291.3,1299.14,1291.3,0.0046
2017-09-21,1291.39,1301.02,1302.07,1287.99,-0.0075
2017-09-20,1301.15,1310.94,1316.25,1295.96,-0.0077
2017-09-19,1311.28,1307.3,1311.78,1304.98,0.0028000000000000004
2017-09-18,1307.57,1320.5,1320.5,1305.03,-0.0091
2017-09-15,1319.62,1329.83,1334.76,1319.62,-0.0077
2017-09-14,1329.83,1323.56,1330.69,1316.11,0.005
2017-09-13,1323.25,1331.95,1335.05,1320.91,-0.006500000000000001
2017-09-12,1331.94,1327.86,1332.43,1322.55,0.0034999999999999996
2017-09-11,1327.32,1337.45,1340.36,1326.36,-0.0144
2017-09-08,1346.71,1348.83,1357.94,1343.0,-0.0018
2017-09-07,1349.20,1334.27,1350.27,1332.6,0.0113
2017-09-06,1334.14,1339.55,1342.84,1331.66,-0.0039000000000000003
2017-09-05,1339.33,1335.07,1345.18,1327.96,0.0034999999999999996
2017-09-04,1334.67,1334.38,1339.85,1331.92,0.0073
2017-09-01,1324.97,1321.8,1329.2,1316.65,0.0022
2017-08-31,1322.07,1308.8,1324.11,1300.82,0.0102
2017-08-30,1308.76,1309.26,1313.87,1305.26,-0.0006
2017-08-29,1309.50,1317.75,1326.14,1304.93,-0.0008
2017-08-28,1310.49,1292.76,1312.99,1292.49,0.015
2017-08-25,1291.15,1285.91,1294.14,1278.66,0.0037
2017-08-24,1286.33,1289.98,1291.3,1284.55,-0.0033
2017-08-23,1290.62,1285.56,1292.03,1283.09,0.0046
2017-08-22,1284.72,1291.18,1292.69,1282.11,-0.005
2017-08-21,1291.22,1283.6,1293.58,1280.6,0.0052
2017-08-18,1284.50,1288.2,1301.2,1283.64,-0.0027
2017-08-17,1288.01,1283.61,1290.47,1282.2,0.0038
2017-08-16,1283.10,1271.87,1284.29,1268.19,0.0086
2017-08-15,1272.13,1282.36,1282.77,1267.98,-0.0077
2017-08-14,1281.95,1289.09,1289.82,1278.12,-0.005600000000000001
2017-08-11,1289.21,1286.45,1292.26,1281.55,0.0018
2017-08-10,1286.90,1277.56,1288.63,1274.85,0.0073
2017-08-09,1277.55,1261.41,1279.06,1260.96,0.0134
2017-08-08,1260.64,1257.61,1265.7,1251.41,0.0023
2017-08-07,1257.69,1259.03,1260.38,1255.68,-0.0007000000000000001
2017-08-04,1258.60,1269.01,1270.94,1254.75,-0.0079
2017-08-03,1268.65,1266.46,1271.37,1258.7,0.0015
2017-08-02,1266.70,1268.8,1273.34,1263.18,-0.0019
2017-08-01,1269.05,1268.8,1274.47,1264.05,-0.0004
2017-07-31,1269.55,1270.16,1271.48,1265.93,0.0002
2017-07-28,1269.25,1259.36,1271.34,1257.45,0.008100000000000001
2017-07-27,1259.00,1260.5,1265.49,1254.52,-0.0017000000000000001
2017-07-26,1261.10,1250.0,1263.92,1243.91,0.0096
2017-07-25,1249.05,1254.77,1258.18,1249.01,-0.0049
2017-07-24,1255.24,1255.66,1259.18,1251.78,0.0003
2017-07-21,1254.90,1244.16,1256.3,1243.35,0.008199999999999999
2017-07-20,1244.74,1241.03,1247.98,1235.24,0.0031
2017-07-19,1240.87,1242.58,1244.48,1236.05,-0.0013
2017-07-18,1242.46,1233.84,1245.06,1233.01,0.006500000000000001
2017-07-17,1234.40,1228.6,1236.44,1228.3,0.0044
2017-07-14,1228.98,1216.63,1233.16,1214.95,0.0095
2017-07-13,1217.45,1220.21,1224.92,1216.63,-0.0021
2017-07-12,1220.00,1217.95,1226.1,1214.51,0.0019
2017-07-11,1217.69,1214.59,1217.79,1207.89,0.0028000000000000004
2017-07-10,1214.35,1213.7,1215.6,1204.85,0.0012
2017-07-07,1212.90,1224.39,1227.2,1207.25,-0.01
2017-07-06,1225.15,1227.06,1229.57,1222.56,-0.0015
2017-07-05,1226.95,1223.55,1229.34,1217.64,0.0024
2017-07-04,1223.97,1221.94,1226.74,1220.69,0.0029
2017-07-03,1220.46,1241.46,1242.83,1218.41,-0.017
2017-06-30,1241.60,1244.82,1248.59,1239.7,-0.0033
2017-06-29,1245.74,1249.18,1253.71,1239.66,-0.0029
2017-06-28,1249.32,1247.37,1255.11,1247.37,0.0018
2017-06-27,1247.10,1243.65,1253.13,1241.12,0.0021
2017-06-26,1244.45,1258.13,1258.54,1236.96,-0.009899999999999999
2017-06-23,1256.90,1250.0,1259.31,1249.74,0.005
2017-06-22,1250.62,1245.55,1255.05,1245.55,0.0033
2017-06-21,1246.55,1243.16,1248.31,1241.25,0.0027
2017-06-20,1243.19,1244.04,1248.38,1241.38,-0.0
2017-06-19,1243.25,1254.0,1256.12,1243.22,-0.0083
2017-06-16,1253.63,1254.36,1257.63,1251.55,-0.0003
2017-06-15,1254.00,1260.7,1267.04,1251.68,-0.005699999999999999
2017-06-14,1261.18,1266.28,1279.87,1257.15,-0.0037
2017-06-13,1265.85,1264.75,1269.42,1259.66,0.0001
2017-06-12,1265.74,1267.42,1271.01,1263.95,-0.0005
2017-06-09,1266.40,1279.29,1281.3,1264.74,-0.0098
2017-06-08,1278.90,1287.45,1289.34,1271.49,-0.0062
2017-06-07,1286.91,1294.39,1295.28,1283.0,-0.0055000000000000005
2017-06-06,1294.00,1280.26,1296.47,1279.44,0.011000000000000001
2017-06-05,1279.95,1279.34,1283.77,1278.0,-0.0
2017-06-02,1279.98,1266.11,1279.98,1259.0,0.0113
2017-06-01,1265.64,1268.89,1270.72,1261.49,-0.0023
2017-05-31,1268.59,1263.05,1274.24,1259.26,0.0043
2017-05-30,1263.10,1267.24,1270.86,1259.39,-0.0031
2017-05-29,1266.97,1267.47,1269.12,1265.12,-0.0001
2017-05-26,1267.05,1255.6,1269.88,1252.88,0.009000000000000001
2017-05-25,1255.76,1258.49,1260.08,1253.89,-0.0022
2017-05-24,1258.55,1251.26,1259.37,1247.7,0.0059
2017-05-23,1251.16,1260.13,1264.18,1250.46,-0.0074
2017-05-22,1260.46,1256.1,1263.0,1251.61,0.0039000000000000003
2017-05-19,1255.55,1246.67,1256.98,1246.61,0.0068000000000000005
2017-05-18,1247.05,1261.56,1265.54,1245.9,-0.0109
2017-05-17,1260.74,1237.31,1261.55,1236.3,0.0194
2017-05-16,1236.80,1231.46,1239.5,1230.51,0.0049
2017-05-15,1230.71,1228.4,1237.76,1227.2,0.0015
2017-05-12,1228.83,1225.41,1232.26,1224.55,0.0032
2017-05-11,1224.85,1218.74,1228.2,1217.81,0.004699999999999999
2017-05-10,1219.15,1221.42,1226.15,1217.49,-0.0018
2017-05-09,1221.30,1226.12,1229.01,1214.21,-0.0040999999999999995
2017-05-08,1226.30,1225.67,1237.1,1225.36,-0.0012
2017-05-05,1227.74,1227.93,1235.79,1225.83,-0.0
2017-05-04,1227.75,1238.66,1241.77,1225.7,-0.0086
2017-05-03,1238.38,1256.71,1257.29,1236.41,-0.0147
2017-05-02,1256.90,1256.51,1257.89,1251.48,0.0001
2017-05-01,1256.80,1268.6,1271.6,1254.16,-0.009000000000000001
2017-04-28,1268.15,1264.26,1269.08,1263.3,0.0028000000000000004
2017-04-27,1264.60,1268.8,1270.53,1261.61,-0.0034999999999999996
2017-04-26,1269.05,1264.41,1271.1,1260.3,0.0042
2017-04-25,1263.76,1276.96,1278.57,1261.81,-0.009000000000000001
2017-04-24,1275.30,1269.88,1277.48,1266.01,-0.0072
2017-04-21,1284.50,1281.96,1288.67,1278.43,0.0021
2017-04-20,1281.85,1280.06,1283.79,1276.74,0.0017000000000000001
2017-04-19,1279.66,1290.21,1291.51,1276.48,-0.0077
2017-04-18,1289.64,1284.94,1292.7,1279.4,0.0038
2017-04-17,1284.80,1292.96,1295.92,1281.61,-0.0007000000000000001
2017-04-14,1285.69,1287.35,1288.75,1285.31,-0.0016
2017-04-13,1287.74,1285.54,1289.03,1281.74,0.0009
2017-04-12,1286.60,1274.51,1287.29,1272.42,0.0095
2017-04-11,1274.44,1255.23,1275.55,1253.29,0.015700000000000002
2017-04-10,1254.73,1254.26,1257.7,1247.5,0.0005
2017-04-07,1254.05,1252.11,1270.96,1250.8,0.0018
2017-04-06,1251.80,1256.4,1259.46,1249.85,-0.0028000000000000004
2017-04-05,1255.30,1255.73,1257.78,1243.85,-0.0007000000000000001
2017-04-04,1256.22,1255.46,1261.9,1254.46,0.0023
2017-04-03,1253.35,1248.4,1254.2,1244.55,0.0034000000000000002
2017-03-31,1249.13,1242.83,1251.11,1240.05,0.004699999999999999
2017-03-30,1243.30,1253.1,1254.2,1242.61,-0.0073
2017-03-29,1252.45,1251.64,1255.16,1247.25,0.0007000000000000001
2017-03-28,1251.63,1253.82,1258.46,1247.52,-0.0021
2017-03-27,1254.30,1248.01,1261.53,1247.69,0.008100000000000001
2017-03-24,1244.17,1244.88,1252.28,1240.72,-0.0009
2017-03-23,1245.30,1248.86,1253.62,1242.84,-0.0032
2017-03-22,1249.35,1244.15,1251.76,1243.89,0.0034999999999999996
2017-03-21,1245.00,1233.78,1248.1,1226.82,0.009000000000000001
2017-03-20,1233.90,1229.79,1236.25,1229.51,0.0039000000000000003
2017-03-17,1229.15,1227.31,1232.45,1225.06,0.0019
2017-03-16,1226.78,1219.03,1233.51,1217.83,0.0060999999999999995
2017-03-15,1219.40,1199.11,1222.66,1197.93,0.0169
2017-03-14,1199.08,1204.25,1208.38,1197.54,-0.0040999999999999995
2017-03-13,1204.05,1205.43,1211.66,1202.47,-0.0004
2017-03-10,1204.55,1200.8,1206.43,1194.62,0.0031
2017-03-09,1200.83,1207.63,1209.17,1199.12,-0.005600000000000001
2017-03-08,1207.58,1215.65,1218.68,1206.13,-0.0067
2017-03-07,1215.67,1225.62,1227.25,1213.67,-0.0084
2017-03-06,1225.96,1232.81,1237.17,1224.65,-0.0068000000000000005
